,商品名,商品説明,価格,URL,画像URL,出品者
0,MacBook Pro 2020 - スペースグレイ 13インチ A2251,"PCを新調しましたので、出品します。
Apple公式で購入しており、メモリとSSDをカスタマイズしています。

付属品は全て揃っており、未使用になります。


ーー製品情報ーー

ハードウェア：
* 第10世代の2.3GHzクアッドコアIntel Core i7プロセッサ（Turbo Boost使用時最大4.1GHz）
* Intel Iris Plus Graphics
* 16GB 3,733MHz LPDDR4Xメモリ
* 512GB SSDストレージ
* True Tone搭載13インチRetinaディスプレイ
* Thunderbolt 3ポート x 4
* Touch BarとTouch ID
* バックライトMagic Keyboard - 英語（米国）
* アクセサリキット

価格：
208,800円(税抜)
229,680円(税込)

シリーズ···Macbook Pro
ディスプレイサイズ···13インチ
Pro/モデル名···2020
仕上げ···スペースグレイ","69,800",https://jp.mercari.com/item/m58661417731,https://static.mercdn.net/item/detail/orig/photos/m58661417731_1.jpg?1722386230,ななお
1,598)MacBook Pro 13インチ 2020 Core i5-512GB,"598) Apple MacBook Pro 13インチ 2020 Core i5 2.0GHz/RAM16GB/SSD512GB(140598)

多少の擦れ・傷がございます品です。
キーボードは一部にテカリがございます。
初期化済みでOSは最新版のMac OS 14 Sonomaです。
アクティベーションロック解除確認済みです。
動作は快調で、現状特に気になる点はございません。正常に使用できます。
動作確認のため下記の情報で初期化後に一度セットアップしております。
到着後、電源を入れればすぐにお使いいただける状態です。

ユーザー名：USER
パスワード：1234


出品物は本体のみです。ACアダプターは別途ご用意ください。
USB TYPE-C接続です。

バッテリーは「正常」表示で充放電回数 520回で完全充電時の容量は4139mAhです。

＊バッテリーは出品掲載時の情報となります。出荷までにステータスや回数が変更となる可能性がございます。消耗部品につき保証対象外とさせていただいております。
＊液晶表示につきましては経年劣化による若干の色ムラ・照度ムラがある場合がございます。

商品到着後3日間を初期不良期間として対応させて頂きます。
底面に一箇所セキュリティシールを貼っております。剥がした場合は保証対応出来ませんので、動作確認が済むまで剥がさないようにご注意ください。

【商品スペック】
■メーカー：Apple
■商品名：MacBook Pro
■モニター：Retina 13.3 インチ （2560x1600）
■OS：Mac OS 14  Sonoma
■CPU：Core i5 2.0GHz 
■SSD：フラッシュストレージ 512GB
■メモリ：16GB
■グラフィック：Intel Iris Plus Graphics
■キーボード ： 日本語（JIS）配列 （バックライト付き）
■カラー：シルバー

＊ご希望があれば下記のOfficeソフトをインストールして出荷させて頂きます。
LibreOffice（リブレオフィス）

Microsoft Office と互換性のあるオフィスソフトです。
Word/Excel/Powerpoint/Accessファイルを互換使用可能です。","59,000",https://jp.mercari.com/item/m86891758993,https://static.mercdn.net/item/detail/orig/photos/m86891758993_1.jpg?1716522767,mainn_1234
2,MacBook Pro 2020 13インチ 256GB,"ほとんど使用することが無かったので、出品させていただきました。
充電器とケーブルは、傷.汚れ.黄ばみがございます。
中古品です、神経質な方のご購入はご遠慮ください
充放電 回数が2〜3回増える可能性がございますが、あらかじめご了承下さい。","68,000",https://jp.mercari.com/item/m92048914134,https://static.mercdn.net/item/detail/orig/photos/m92048914134_1.jpg?1722173212,YUK
3,MacBook Pro 2020 M1 13インチモデル,"2020年発売モデルのMacBookPro 13インチです
今回上位モデルを購入したので出品致します。

購入が2021年1月に購入しました。
当時の価格が約19万円ほどのモデルです。

作曲作業に使っていたのですが、デスクトップのMacを別で所持しており、殆ど使わずにおりました。

バッテリー残量も93%と
購入時期を考慮するとかなり状態がいいものになります。
※Apple公式ではバッテリー残量が80%を下回るとバッテリー交換目安とされています。

筐体の一部欠けがありますが、そこまで目立ちません。※写真3枚目参照

Apple Silicon M1チップ搭載モデルなので、学生さんのレポート作成や簡単な動画編集・作曲などは問題なくできるスペックです。

初期化済み
Apple正規修理業者及び非正規店業者による修理なども一切行っておりません。

希望の方には、ソフトケース※写真6枚目もセットでお付けします。


仕上げ···スペースグレイ
シリーズ···Macbook Pro
ディスプレイサイズ···13インチ
Pro/モデル名···2020
チップ···M1
付属品　化粧箱　説明書　ソフトケース(希望のみ)","80,000",https://jp.mercari.com/item/m97623712460,https://static.mercdn.net/item/detail/orig/photos/m97623712460_1.jpg?1719522673,j
4,154)MacBook Pro 13インチ 2020 i5-16GB-512GB,"2020年大容量モデル! 154) Apple MacBook Pro 13インチ 2020 Core i5 2.0GHz/RAM16GB/SSD512GB(141154)

多少の擦れ・傷がございます品です。
パームレスト部に一部色褪せがございます。
底面に一部シール跡がございます。
キーボードは一部に若干のテカリがございます程度です。

初期化済みでOSは最新版のMac OS 15 Sequoiaです。
アクティベーションロック解除確認済みです。
動作は快調で、現状特に気になる点はございません。正常に使用できます。

出品物は本体のみです。ACアダプターは別途ご用意ください。
USB TYPE-C接続で充電可能です。

動作確認のため下記の情報で初期化後に一度セットアップしております。

ユーザー名：USER
パスワード：1234

バッテリーは「正常」で充放電回数 274回、完全充電時の容量は4242mAhです。

＊バッテリー情報は撮影時の情報になります。お届けまでにステータスや回数・容量等が変更となる場合がございます。バッテリーにつきましては消耗部品につき保証対象外となりますので予めご了承願います。
＊液晶につきましては経年劣化による多少の色ムラ・照度ムラ等が有る場合がございます。

商品到着後3日間を初期不良期間として対応させて頂きます。
底面に一箇所セキュリティシールを貼っております。剥がした場合は保証対応出来ませんので、動作確認が済むまで剥がさないようにご注意ください。

■商品名：Apple　MacBook Pro
■モニター：Retina 13.3 インチ （2560x1600）
■OS：Mac OS 15 Sequoia
■CPU：Core i5 2.0GHz 
■SSD：フラッシュストレージ 512GB
■メモリ：16GB
■グラフィック：Intel Iris Plus Graphics
■キーボード ： 日本語（JIS）配列 （バックライト付き）

＊ご希望があれば下記のOfficeソフトをインストールし出荷させて頂きます。
LibreOffice（リブレオフィス）

Microsoft Office と互換性のあるオフィスソフトです。
Microsoft Word/Excel/Powerpoint/Accessファイルを互換使用可能です。","58,600",https://jp.mercari.com/item/m73082639178,https://static.mercdn.net/item/detail/orig/photos/m73082639178_1.jpg?1728099416,mainn_1234
5,即発送：Macbook Pro 13インチ 2020A2289覗見防止フィルター,"Macbook Pro 13インチ 2020 A2289
購入場所：Apple公式で購入。
使用回数：週1.2回程度（一年前まで、最近は使用してませんでした）
起動：確認済
付属品：USB充電ケーブル、説明書、箱です。

素人検品のため、中古品であることをご理解の上、神経質な方の購入はお控えください。

メーカー：Apple
商品名：MacBook Pro 2020
CPU：1.4GHzクアッドコア Intel Core i5（Turbo Boost使用時最大3.9GHz）
メモリ：16GB
ストレージ容量：SSD 256GB
ディスプレイサイズ：13インチ
Touch IDセンサーが組み込まれたTouch Bar
カラー：スペースグレイ

本体の左側にThunderbolt3（USB3.1）が2口ついてます。
覗き見防止フィルターつけてます。","61,300",https://jp.mercari.com/item/m14784978828,https://static.mercdn.net/item/detail/orig/photos/m14784978828_1.jpg?1723585770,yuki
6,2020 MacBook Pro 16GB/512,"購入してから使用頻度が低く不要なため出品致します。

使用頻度が低かった為比較的綺麗な状態を保っていると思います。外装の一箇所だけ傷があるのでご確認お願い致します。","75,000",https://jp.mercari.com/item/m76190557015,https://static.mercdn.net/item/detail/orig/photos/m76190557015_1.jpg?1718964017,JJJ
7,MacBook pro 13インチ 2020 上位モデル 管理番号3002,"★☆↓スペック情報↓☆★

色:スペースグレイ
型番:MWP42J/A
CPU:corei5 2.0GHz
メモリ:16GB
SSD:512GB
バッテリー:272回 正常
※バッテリーは消耗品でございますので全商品到着時のバッテリーの保証はありません。
付属品完備しております！

★☆↑スペック情報↑☆★

【外観について】
基本的には動作良好ですが、使用に伴うキズがありますので中古品として格安で販売しております！
動作確認済みですので届いてすぐに使用できます。
写真に写ってるいる物が全てになります。
※購入前にプロフィールをご一読よろしくお願いします。

※2日以内にお支払い可能な方は即買いOKです！

梱包済みですので写真の追加は出来ません。
パスワードは設定していません。
パスワードを求められた場合はなにも入力せずにそのままエンターを押せば使用できます。
word、excel、PowerPointなどは初期状態なので付いておりません。
オフィスソフトは無料でダウンロードできるOpen Officeをおすすめします。
iPad iphoneとの相性も抜群です。
テレワーク、プログラミング、動画編集などいろいろな用途で使用できるパソコンを揃えていますのでノートパソコン、PCの購入を検討してる方いかがでしょうか(^_^)？
他サイトにも出品しているので売れてしまったらいきなり取り消すことがあるのでご了承下さい。
即購入OKですが、入金が遅れる場合は購入後に取り引きメッセージを必ずよろしくお願いします。
管理番号:3002

取扱いモデル(マックブック)↓
              
になります。2008年以前のモデルは取り扱っていません。


在庫一覧は下記からご覧下さいませ。","64,200",https://jp.mercari.com/item/m22062825722,https://static.mercdn.net/item/detail/orig/photos/m22062825722_1.jpg?1719583970,hosiP(プロフ必読)
8,MacBook Pro 13インチ 256GB (2020年),"MacBook Pro 13インチ Corei5:1.4GHz 256GB スペースグレイ MXK32J/A (Mid 2020)

シリーズ名2020年 Corei5
型番MXK32J/A
ディスプレイ（画面）サイズ13インチ
付属ディスプレイ仕様2560×1600
搭載OSmac OS Big Sur
筐体タイプノートブック型
Officeソフト-
CPUCore i5
CPUクロック1.4GHz
標準メモリ容量8GB
内蔵ストレージ容量256G(SSD)
ドライブ-
グラフィックコントローラ 名称Intel Iris Plus Graphics 645
TVチューナ-
有線LAN-
無線LAN／その他IEEE802.11ac無線LAN
外形寸法 幅(mm)304.1mm
外形寸法 奥行き(mm)212.4mm
外形寸法 高さ(mm)105.6mm
重量(Kg)1.4kg

充放電回数：14回（9月時点）
付属品：電源アダプタ（61w)、ケーブルのみ","65,000",https://jp.mercari.com/item/m15175014102,https://static.mercdn.net/item/detail/orig/photos/m15175014102_1.jpg?1727946519,やまだ0510
9,【極美品】MacBook Pro 2020 13インチ i5,"【極美品】MacBook Pro 2020 13インチ i5　
・動作確認済みです。
・付属品は全て揃っています。
・本体には傷も少なく非常に綺麗です。　
・i5
メモリー　16GB
ストレージ 512GB


シリーズ...Macbook Pro

ディスプレイサイズ...13インチ

Pro/モデル名...2020

仕上げ...シルバー","70,000",https://jp.mercari.com/item/m11991440263,https://static.mercdn.net/item/detail/orig/photos/m11991440263_1.jpg?1723627864,Kyuukancyou0074
10,Mac Book Pro 2020 13インチ,"【スペック】
シリーズ: Macbook Pro
カラー: スペースグレイ
サイズ: 13インチ
CPU: Intel Core i5
メモリ: 8GB
ストレージ種類: SSD
ストレージ容量: 256GB

【同梱物】
・本体
・電源アダプタ
・USB-Cケーブル

【状態】
・動作確認実施済（正常に動作します）
・目立った傷や汚れなし
・充電器に汚れ、傷あり

【販売理由】
・PC買い替えのため

【備考】
お値下げは出来かねますのでご了承ください。
ご質問や追加の写真アップロード依頼があれば、コメント欄からお気軽にお申し付けください。","60,000",https://jp.mercari.com/item/m54429832628,https://static.mercdn.net/item/detail/orig/photos/m54429832628_1.jpg?1714494972,京王2号車
11,極美品~美品MacBook Pro m1 16gb 256GB 2020 13,"シリーズ···Macbook Pro
ディスプレイサイズ···13インチ
Pro/モデル名···2020
チップ···M1 
SSD：256GB
メモリ：16GB
キーボード：JIS
仕上げ···スペースグレイ

こんにちは。アップル大好きなヴェリハンサマです。
転職伴い、会社が新しい機体購入してくださるということで元々自分の機体をそのまま譲ります。

2021購入したものですので、大切に使ってきましたが、まあまあ使用感があります。返品などができませんので、以下のところをご一読の上、ご購入をご判断してください。

1) 電池87%で、基本的にケーブル差したままで使ってきたので、普通によっぽう他のデバイスに給電しない限りでは問題ないでしょう。
2) 購入した直後に保護カーバーが到着されないうちに一回石のテーブルにぶつけたことあります。右に傷あります
3) 表面に少しステッカーが貼った跡少し光によって、見えるかもしれません。


付属品
・純正アダプタとUSB-C充電ケーブル

メモ
・動作確認済
・Apple Diagnostics 異常なし
・工場出荷状態
・初期化済
・元箱なし

注意点
文章より写真を優先。
細かな傷や、見落としキズなどある場合もございますが、中古品ということをご理解ください。

ほぼ即日発送
限定1台（他サイトでも出品中の為、取り下げる場合あり）
整備や清掃、数十箇所に及ぶ動作確認、負荷テスト、査定等を行い、最適な状態にしてお届けいたします。

----------------------------
アップル マック PC 2022 2019 2018  MWP42J/A MWP52J/A MWP72J/A MWP82J/A MYD92J/A MYDA2J/A MYDC2J/A DI PC MWP82J/A MYD92J/A MYDA2J/A MYDC2J/A  A2338 2021 2019 2018 MGN63J/A MGN93J/A MGND3J/A MGN73J/A iniMGNA3J/A MGNE3J/A M2
サイズ...13インチ
CPU...M1
メモリ...16GB","80,800",https://jp.mercari.com/item/m84798615415,https://static.mercdn.net/item/detail/orig/photos/m84798615415_1.jpg?1717324892,ヴェリハンドサム
12,【中古】MacBook Pro 13インチ 2020モデル,"スペック:

•プロセッサ: 1.4 GHz クアッドコア Intel Core i5
•グラフィックス: Intel Iris Plus Graphics 645 (1536 MB)
•メモリ: 8 GB 2133 MHz LPDDR3
•ストレージ: 256GB
•OS: macOS Sonoma 14.5

2020年モデルの13インチMacBook Proです。高性能なIntel Core i5プロセッサと8GBメモリを搭載しており、日常のタスクから軽いクリエイティブ作業まで快適に行えます。また、Intel Iris Plus Graphics 645により、グラフィックスもスムーズです。

特徴:

•軽量で持ち運びやすい: 出先での作業にも便利なコンパクトなサイズです。
•最新OS: macOS Sonoma 14.5がインストールされており、最新の機能とセキュリティが利用可能です。
•接続端子: 2つのThunderbolt 3ポートを搭載しており、高速なデータ転送が可能です。
・TYPE C充電器も付いております

使用感はありますが、全体的に良好な状態です。バッテリーの持ちや動作に問題はありません。

※アクティベーションロックは解除済みになりますので、購入後すぐにご利用になれます。

気になる事がありましたら、購入前に前にご質問ください。また、写真で状態をご確認いただければ幸いです。興味のある方はぜひご検討ください！","63,500",https://jp.mercari.com/item/m50197466284,https://static.mercdn.net/item/detail/orig/photos/m50197466284_1.jpg?1722572060,Yuuri
13,Macbook Pro 13インチ 2020,"2020年7月25日にApple Storeでで購入しました。
この度、最新機種に買い換えしたので、こちらを出品させていただきます。
色は定番のシルバーです。

AppleのMacbook Pro 13インチ 2020 Two Thunderbolt 3 portsです。

プロセッサ: 1.4 GHz クアッドコアIntel Core i5
メモリ: 8GB
ストレージ: 256GB
充放電回数: 447

【同梱物】
・本体
・電源アダプタ
・USB-Cケーブル
・説明書等
・箱

【状態】
・動作確認実施済（正常に動作します）
・目立つ傷や汚れ無

【販売理由】
・PC買い替えのため

ご質問や追加の写真アップロード依頼があれば、コメント欄からお気軽にお申し付けください。

商品に関しては、中古品になります。
ご理解ある方のみご購入をご検討くださいますようお願い申し上げます。","55,000",https://jp.mercari.com/item/m33035072106,https://static.mercdn.net/item/detail/orig/photos/m33035072106_1.jpg?1725107387,一郎 まる
14,超美品！！　MacBook Pro 2020 13inch タッチバー付き,"ご覧いただきありがとうございます。

2020年にアップルストアで購入後自宅で動画視聴やネット検索用に使用しておりました。
今回買い替えのため出品致しております。
自宅での使用のため、傷等はほとんどございません。
その他情報は写真を参照ください。
発送時は充電ケーブル、アダプター、化粧箱全てつけて発送致します。

即購入可能、即日発送対応、ご質問ございましたら気軽にお申し付けください。


シリーズ···Macbook Pro
ディスプレイサイズ···13インチ
Pro/モデル名···2020
仕上げ···シルバー","57,000",https://jp.mercari.com/item/m44250116184,https://static.mercdn.net/item/detail/orig/photos/m44250116184_1.jpg?1722899680,KNTくん
15,2020 13.3インチMacBook Pro Core i7 1TB 32GB,"13.3インチMacBook Pro 2.3GHzクアッドコアIntel Core i7 Retinaディスプレイモデル - スペースグレイ [整備済製品]

表面に細かい傷はありますが、ほとんど気にならない程度です。
(写真最後参照)


3、4年ほど前にapple公式サイトより購入し、幾度か使いました。
主にネットサーフィン・文章入力等に使用し、動画編集等のヘビーな作業は行なっていませんでした。
自分には使いこなせないので他の方に譲りたいです。
M1ではなくintelです

付属品は写真の通りです。


Intel corei7
SSD: 1TB
メモリ:32GB


シリーズ···Macbook Pro
ディスプレイサイズ···13インチ
Pro/モデル名···2020
仕上げ···スペースグレイ","94,500",https://jp.mercari.com/item/m17795518332,https://static.mercdn.net/item/detail/orig/photos/m17795518332_1.jpg?1719661055,まめおか。@プロフご一読願います
16,"sheixbolw様 macbook pro 2020 ssd500,8Gメモリ","macbook pro 2020 ssd500,8Gメモリです。
動作も問題なく、外観も比較的キレイです。バッテリーが交換推奨になっております。ですが、普通に持ち運びで現在も使っておりす。その為、少しお安くしておきます。本体と簡易充電器おつけします。

core i5
ssd500G

シリーズ...Macbook Pro

ディスプレイサイズ...13インチ

Pro/モデル名...2020

仕上げ...シルバー
Retina 2020 Intel Core i5","52,000",https://jp.mercari.com/item/m93158078009,https://static.mercdn.net/item/detail/orig/photos/m93158078009_1.jpg?1719737395,たら
17,MacBook Pro 2020／13インチ intelチップ,"◆商品名：MacBook Pro 2020 13インチ

◆商品状態
　全体的に良好な状態です。 
　画面は保護フィルムが貼ってあるため、傷等なく視認性も良好です。
　　＊不要な方は剥がしてください
　キーボードもカバーつけての利用だったため、キレイな状態です
　バッテリーの状態も良好で、充放電回数は185回です。 

◆付属品
　純正充電器（未使用）・USB-Cケーブル（未使用） 
　元箱 ・取扱説明書

◆その他
　初期化してお渡しします。 


＊注意事項:
・中古品のため、完璧を求める方はご遠慮ください。
・返品はお受けしておりませんので、ご不明な点は事前にご質問ください。

◯参考仕様
　13インチ 16GB RAM 512GB SSD
　スペースグレイ
　Retinaディスプレイ
　2.0GHzクアッドコア第10世代Intel Core i5
　4つのThunderbolt 3（USB-C）ポートで以下に対応
　・充電
　・DisplayPort
　・Thunderbolt 3（最大40Gb/s）
　・USB 3.1 Gen 2（最大10Gb/s）
　JIS配列準拠キーボード
　Touch Bar
　Touch IDセンサー
　環境光センサー

サイズと重量
高さ：1.56 cm
幅：30.41 cm
奥行き：21.24 cm
重量：1.4 kg","58,000",https://jp.mercari.com/item/m75004653033,https://static.mercdn.net/item/detail/orig/photos/m75004653033_1.jpg?1724547138,ミネラル
18,Apple MacBook Pro M1 日本語配列,"ご覧いただきましてありがとうございます。

・MacBook Pro (13-inch, M1, 2020)
    シルバー
　メモリ8GB
　256GB
https://support.apple.com/ja-jp/111893

3年ほど使いましたが、これからもまだまだ
使える状況かと思いますが、
資金が必要になり、出品いたしました。
充電回数　約20回程度(バッテリーセーブモードでパソコン作業、記憶まで)
画面に保護フィルム貼ってあります。
(気泡なし)

データ消去して「こんにちは」の画面からの
ご利用になります。

美品ですが、使用していたため商品の状態は「目立った傷やよごれなし」としています。

・同梱物
本体、説明書、Appleシール、
充電アダプター・ケーブル

☆特典
MacBook pro用プロテクトソフトケースお付けします。

(Ai説明)

【製品概要】
このMacBook Proは、Appleの高性能ノートパソコンで、デザインと機能性を兼ね備えています。特にクリエイティブな作業やプロフェッショナルな用途に最適です。

【キーボード】
日本語配列のキーボードが搭載されており、快適なタイピングが可能です。特に日本語を使用する方にとって使いやすい設計です。

【画面】
起動時の画面には「こんにちは」と表示されており、シンプルで洗練されたデザインが特徴です。視覚的に魅力的な体験を提供します。

- 製品名: MacBook Pro M1 13インチ
- キーボード: 日本語配列
- ロゴ: MacBook Pro

シリーズ···Macbook Pro

ディスプレイサイズ···13インチ

Pro/モデル名···2020

仕上げ···シルバー","85,000",https://jp.mercari.com/item/m42589249870,https://static.mercdn.net/item/detail/orig/photos/m42589249870_1.jpg?1727614591,ゆーきねこさんだー
19,2020年 M1 MacBook Pro 13inch (USキーボード)セット,"2020年 M1 MacBook Pro 13inch 8gb

アメリカのApple Storeにて新品購入しました。
4年間ほどとても綺麗に使いました。
一度中身が故障した為、Apple Storeで修理をして頂きました。もう不具合はありません。

キズは少なくほぼ新品に近いです！

■セット内容
- 本体
- 電源アダプ
- 充電ケーブル
- Woolnut皮ケース
- j5 create usb アダプター

■モデル
Apple / MacBook pro (M1, 13-inch, 2020) 
シルバー

◾️仕様
シリーズ···MacBook Pro
製品年式···2020
画面サイズ···13インチ
CPU種類···Apple M1
メモリ···8GB
SSD容量···256GB

本体は傷は少なく綺麗な状態ですが、箱や電源アダプタに傷や汚れがございます。

即購入OK
※多少のお値下げ交渉もお受けしておりますが、非常識な価格での交渉は申し訳ないのですがお断りしています。

初期化してから発送させて頂きます。

※発送後の返品はお受けしておりません。

最後までお読みいただき、ありがとうございます。
よろしくお願い致します。","70,000",https://jp.mercari.com/item/m95363361527,https://static.mercdn.net/item/detail/orig/photos/m95363361527_1.jpg?1719134500,大志
20,MacBook Pro m1 13インチ 2020 8GB おまけつき,"学生の時に半月に1度ほど使用していましたがほぼ使っていないので全体的に綺麗でバッタリーの状態も97パーセントですが細かな傷がありますので美品をお求めの方は他をお探しください。

表面のすみっこがほんの少しだけ黒くなってしまっています。

いま引越し準備中で8月25日までに売れなかった場合しまってしまうのでなにかございましたらお早めにコメントお願いします。

またあまり詳しいことはわからないのでなにか他にスペックの事などで知りたいことがございましたらコメント頂ければ幸いです。

コンセントなどはありません。

おまけでもう使わないのでamazonbasicsのケースをつけさせていただきます。

仕上げ···スペースグレイ

シリーズ···Macbook Pro


Pro/モデル名···2020

チップ···M1","82,222",https://jp.mercari.com/item/m94861461203,https://static.mercdn.net/item/detail/orig/photos/m94861461203_1.jpg?1724335077,うさぎ
21,MacBook Pro 2020 13インチ,"高額商品のため評価0の方はご遠慮ください。

シリーズ···Macbook Pro

サイズ···13インチ

CPU···Intel Core i5

ストレージ種類···SSD

ストレージ容量···256GB

メモリ···8GB

※発送時初期化いたします。
※すり替え防止のためノンリターンでお願いします。

ほぼ使用してません。
画面はフィルム貼ってあります。
使用時は外装にカバーをつけて使用してました。","73,000",https://jp.mercari.com/item/m89173716069,https://static.mercdn.net/item/detail/orig/photos/m89173716069_1.jpg?1716709847,ハリソン
22,[値下げ中]MacBookPro 13インチ 2020 8GB 256GB,"《日々値下げ中なので早い者勝ちです!!》
コメントせず即購入OK

使用頻度は低く、動画を見たりするだけだったので目立つ傷や汚れはありません。

充電機器は使用感があるのでご理解いただける方のみご検討ください。

▽ご希望であれば写真に載せてある変換器もお付けできます。(type-C.HDMI.USBの3口のものとLANケーブル用のもの)※こちらは箱なし


シリーズ···Macbook Pro
サイズ···13インチ
CPU···Intel Core i5
メモリ···8GB
ストレージ種類···SSD
ストレージ容量···256GB
動作確認済み

なにか説明や写真に不備がありましたら気軽にお申し付けください！","67,500",https://jp.mercari.com/item/m80881354159,https://static.mercdn.net/item/detail/orig/photos/m80881354159_1.jpg?1715167851,しぐ
23,7月までの割引‼️Macbook Pro 2020 13inch ジャンク品,"液晶が損傷、ジャンク品になります。
ジャンク品という大前提をご了承ください。

シリーズ···Macbook Pro
ディスプレイサイズ···13インチ
Pro/モデル名···2020
仕上げ···スペースグレー

M1ではありません。

不具合等ありましても、ジャンク品という点だけご理解ください。","36,000",https://jp.mercari.com/item/m30317891607,https://static.mercdn.net/item/detail/orig/photos/m30317891607_1.jpg?1719716661,とりとり
24,MacBook Pro 2020 13インチ Core i5 16G 1TB,"MacBookPro 13インチ 2020 Intel Corei5 1TB

13-inch, 2020, Four Thunderbolt 3 ports
プロセッサ: 2 GHz クアッドコアIntel Core i5
グラフィックス:  Intel Iris Plus Graphics 1536 MB
メモリ:  16 GB 3733 MHz LPDDR4X
macOS:  Sonoma 14.3.1
充放電回数: 426回
スペースグレイ

※詳細は添付画像をご覧ください
----------------------------------

新型のMacBookに交換した為、不要になりましたので出品いたします。

初期化済みです。

使用状況は週末に3,4時間程度の頻度でした。

購入時期は2020年5月頃です。

特に不具合もなく正常に動作しています。
ただし中古品として出品していますので、ご理解のある方のみのご購入でお願いいたします。

購入時からPC画面には保護のシート取り付けしていましたので傷はないかと思います。（現在も貼り付けたままです）

外側には多少の傷はこざいますが、目立つほどではないです。


      ","74,400",https://jp.mercari.com/item/m70588850201,https://static.mercdn.net/item/detail/orig/photos/m70588850201_1.jpg?1714718960,Yus
25,MacBook Pro 13インチ 2020 32GB 1TB クリエイター仕様,"MacBook Pro 13インチモデルの出品です。
スペックはフルスペックの増設モデルで、おまけのミュージシャンや動画編集者等のクリエイター向けソフトもダウンロード済みです。
付属品は社外製ACアダプターをお付け致します。
最新のmacOS Sequoiaをクリーンインストール済みです。

◇スペック
年式:2020年
OS:macOS Sequoia
CPU: Core i7-1068NG7 2.3GHz
メモリ:32GB
SSD:1TB

◇ダウンロード済みソフト
Logic Pro X (音楽制作ソフト)
Final Cut Pro X (映像制作ソフト)
Motion (映像制作補助ソフト)
Compressor (映像書き出しソフト)
Pages (文書作成ソフト)
Numbers (表計算ソフト)
Keynote (プレゼンテーションソフト)

※近頃買う気がないのに質問連絡をする方や、購入後いつまで経っても支払わない方が多い為、購入意思のある方のみの購入をお願い致します。
※同時に他サイトでも出品しておりますので早い者勝ちとなります事をご了承下さい。
※初期パスワードは「aaaa」と設定しております。
※ダウンロード済みソフトはアップデート出来ませんが、通常通り使用可能です。購入後のサポートはできませんのであくまでもおまけとお考えくださいませ。","105,000",https://jp.mercari.com/item/m28703642535,https://static.mercdn.net/item/detail/orig/photos/m28703642535_1.jpg?1727688888,松本 克己
26,MacBook Pro 2020 13インチ i7 32GB 1TB アップル,"即購入可能です。

各種アップグレードしたモデルです。

- CPU: Core i7 2.3GHz
- メモリ: 32GB
- SSD: 1TB
- ポート: Thunderbolt 3 x4

シルバー

・画面は目立った傷はなく綺麗です。
・シルバー部分の外観は、細いスレや傷があります。（画像をご確認ください）
・動作に問題はありません。

充電回数256回でバッテリーの状態は正常表示です。

探すをオフとアクティベーションロック解除と初期化済みです。

製品年式···2020
シリーズ···MacBook Pro
画面サイズ···13～14.4インチ
CPU種類···Corei7
OS···Mac OS
メモリ···32GB～
SSD容量···1TB



 Pro






検索用
macbook pro 2015 2016 2017 2018 2019 2020
13インチ 14インチ 15インチ 16インチ
8gb 16gb 32gb 64gb 128gb 256gb 512gb 1tb
i5 i7 i9","92,180",https://jp.mercari.com/item/m51131320515,https://static.mercdn.net/item/detail/orig/photos/m51131320515_1.jpg?1717795369,ルーミー
27,MacBook Pro 2020 i5 16GB SSD 512GB,"MacBook Pro 2020, 13インチ, スペースグレイ, メモリ16GB, SSD 512GB, 2つのThunderbolt 3（USB-C）ポート
Core i5 プロセッサー搭載のMacBook Pro 

16GBなので、4Kの動画編集等の重い作業も可能です。

最新のM1 MacではBoot Campが使用できなくなったWindows PC化がこのMacBook ProはIntel CPUを使用しているのでBoot Camp機能を使用してWindowsパソコンとして使用可能です。


Intel Iris Plus Graphics
16GBメモリ
512GB SSDストレージ
True Tone搭載13インチRetinaディスプレイ
Thunderbolt 3ポート x 2
Touch BarとTouch ID


Apple #MacBook #corei5 #スペースグレイ #mac
シリーズ···MacBook Pro
製品年式···2020
画面サイズ···13～14.4インチ
CPU種類···Corei5
OS···Mac OS
メモリ···16〜31GB
SSD容量···512GB
充放電回数···525回


※中古商品ですので、多少の小傷や使用感あります。
※あくまで中古商品ですので神経質な方はご遠慮ください。
※素人検品＋中古の商品です。
3Nよろしくお願い致します。","56,000",https://jp.mercari.com/item/m95288035141,https://static.mercdn.net/item/detail/orig/photos/m95288035141_1.jpg?1717200249,T.T
28,600)MacBook Pro 13インチ 2020 Core i7-512GB,"600) Apple MacBook Pro 13インチ 2020 Core i7 2.3GHz/RAM16GB/SSD512GB(140600)

外観は多少の擦れ・小傷等がございます品です。
底面に一か所僅かですが浅い打痕がございます。
キーボードは一部に多少のテカリがございます。
初期化済みでOSは最新版のMac OS 14.5 Sonomaです。
アクティベーションロック解除確認済みです。
動作は快調で、現状特に気になる点はございません。正常に使用できます。
動作確認のため下記の情報で初期化後に一度セットアップしております。
到着後、電源を入れればすぐにお使いいただける状態です。

ユーザー名：USER
パスワード：1234

バッテリーは「正常」で充放電回数 148回、完全充電時の容量は4270mAhです。

＊バッテリー情報は撮影時の情報になります。お届けまでにステータスや回数・容量等が変更となる場合がございます。バッテリーにつきましては消耗部品につき保証対象外となりますので予めご了承願います。
＊液晶につきましては経年劣化による多少の色ムラ・照度ムラ等が有る場合がございます。

出品物は本体と純正61w ACアダプターです。

商品到着後3日間を初期不良期間として対応させて頂きます。
底面に一箇所セキュリティシールを貼っております。剥がした場合は保証対応出来ませんので、動作確認が終わるまで剥がさないようにご注意ください。

【商品スペック】
■メーカー：Apple
■商品名：MacBook Pro
■モニター：Retina 13.3 インチ （2560x1600）
■OS：Mac OS 14.5 Sonoma
■CPU：Core i7 2.3GHz 
■SSD：フラッシュストレージ 512GB
■メモリ：16GB
■グラフィック：Intel Iris Plus Graphics
■キーボード ： 日本語（JIS）配列 （バックライト付き）
■カラー：シルバー

＊ご希望があれば下記のOfficeソフトをインストールして出荷させて頂きます。
LibreOffice（リブレオフィス）

Microsoft Office と互換性のあるオフィスソフトです。
Word/Excel/Powerpoint/Accessファイルを互換使用可能です。","68,800",https://jp.mercari.com/item/m39510912861,https://static.mercdn.net/item/detail/orig/photos/m39510912861_1.jpg?1716522219,mainn_1234
29,アップル Macbook Pro 13インチ 2020 M1 別売りマウス付き,"MacBook Pro Touch Bar＋Touch ID 
13インチ　Mid 2020
（2020年5月発売モデル、2020年9月購入）

Core i5 2.0GHz / 8GB / SSD 512GB / スペースグレイ
Model No.：A2289

パソコン買い替えのため出品します。
問題なくお使いいただけますが、充電器に汚れがついております（写真参照）
USB-A が接続できる別売りのコネクターと、アップル製の純正マウスをおつけします。
さらに持ち運び用として使用しておりました「Zero Shock」のPCケースをおつけします。
美品状態の箱付きです。

#Apple
#macbook pro

カラー···Space Gray
OS···Mac OS
画面サイズ···13インチ～14.5インチ
メモリ···8GB～
SSD容量···512GB～1000GB未満
CPU種類···Corei5

メモリ···8GB
ディスプレイ インチ···13

お値下げはいたしかねます。予めご了承ください。
またご質問などございましたらお気軽にご連絡ください。
よろしくお願いします！","85,310",https://jp.mercari.com/item/m28297819319,https://static.mercdn.net/item/detail/orig/photos/m28297819319_1.jpg?1719714452,☆ぐらちゃん☆即購入OK！
30,903)MacBook Pro 13インチ 2020 i5-16GB-512GB,"2020年大容量モデル! 903) Apple MacBook Pro 13インチ 2020 Core i5 2.0GHz/RAM16GB/SSD512GB(140903)

ご覧いただきありがとうございます。
丁寧な対応を心掛けますので、どうぞ宜しくお願い致します。

多少の擦れ・小傷がございます品です。
キーボードは一部にテカリがございます。

初期化済みでOSは最新版のMac OS 14 Sonomaです。
アクティベーションロック解除確認済みです。
動作は快調で、現状特に気になる点はございません。正常に使用できます。
動作確認のため下記の情報で初期化後に一度セットアップしております。

ユーザー名：USER
パスワード：1234

出品物は本体のみです。ACアダプターは別途ご用意ください。
USB TYPE-C接続です。

バッテリーは「正常」で充放電回数 178回、完全充電時の容量は4349mAhです。

＊バッテリーは出品掲載時の情報となります。出荷までにステータスや回数が変更となる可能性がございます。消耗部品につき保証対象外とさせていただいております。
＊液晶表示につきましては経年劣化による若干の色ムラ・照度ムラがある場合がございます。

商品到着後3日間を初期不良期間として対応させて頂きます。
底面に一箇所セキュリティシールを貼っております。剥がした場合は保証対応出来ませんので、動作確認が済むまで剥がさないようにご注意ください。

【商品スペック】
■メーカー：Apple
■商品名：MacBook Pro
■モニター：Retina 13.3 インチ （2560x1600）
■OS：Mac OS 14  Sonoma
■CPU：Core i5 2.0GHz 
■SSD：フラッシュストレージ 512GB
■メモリ：16GB
■グラフィック：Intel Iris Plus Graphics
■キーボード ： 日本語（JIS）配列 （バックライト付き）
■カラー：シルバー

＊ご希望があれば下記のOfficeソフトをインストールして出荷させて頂きます。
LibreOffice（リブレオフィス）

Microsoft Office と互換性のあるオフィスソフトです。
Word/Excel/Powerpoint/Accessファイルを互換使用可能です。","59,800",https://jp.mercari.com/item/m17358699214,https://static.mercdn.net/item/detail/orig/photos/m17358699214_1.jpg?1722662174,mainn_1234
31,MacBook Pro2020 16GB 512GB オマケ付き 充電器付き,"購入を前提に価格提案して欲しいです。
人気モデル
シリーズ···Macbook Pro
ディスプレイサイズ···13インチ
Pro/モデル名···2020
チップ···M1
仕上げ···スペースグレイ
何回か使用しましたがWindowsを使いたくてなって結局使わなくなりました。充電回数は、28回です。特にキズや汚れもありません。
Intelマックブック
個人的に8万くらいで購入してもらえると嬉しいです","80,000",https://jp.mercari.com/item/m34651203545,https://static.mercdn.net/item/detail/orig/photos/m34651203545_1.jpg?1728556959,セノビック
32,"【本体のみ】Apple MacBook Pro (13インチ, 2020, Thunderbolt 3ポート x 4)【i5・16GB・512GB】A2251 EMC3348/LT-241333（244790）","★★★ACアダプタ（充電器）なしの商品です！！！！★★★

★★★★★★★★★★★★★★★★★★★

ローカルにてユーザーアカウント[ user ] を作成済みです。
ログインパスワード：1111

商品到着後、お早めにご自身のアカウントを作成されることをお勧めいたします。

★★★★★★★★★★★★★★★★★★★

★画面キズ（キーボード痕含む）あり
★中古品のためキズ・汚れあり

必ず写真画像にて商品状態をご確認の上、
中古品であることをご理解いただける方のみご検討ください。
※写真に写しきれていないキズや汚れもございます。ご了承ください。

【 値下げ不可　値下げ交渉のご連絡はご返信いたしかねます】

■モデル
MacBookPro16,2
A2251
EMC 3348

■商品検査
弊社内にて業務用ソフトウェアにて検査済み

■商品仕様
商品詳細につきましては画像にてご確認ください。
なお、バッテリーにつきましては撮影時の情報となり、
到着時には多少低下している場合がございます。

技術仕様ページ/Technical Specifications
https://support.apple.com/kb/SP819?locale=ja_JP

※キーボードについて
英字キーボード/日本語キーボードのいずれかについては
必ず画像にてご確認ください。

■同梱物
なし

■状態
中古品（キズ・汚れあり）

■注意点
・商品詳細に関しましては公式ＨＰよりご覧ください。
・中古品とご理解いただける方のみご購入ください。
・お値引き等は受け付けておりません。
・起動確認しておりますが、お客様の環境での動作保証は出来かねます。
・複数商品をご注文時、同梱不可の場合はご注文後すぐに取引メッセージにてご連絡ください。
　ご連絡が当店で確認できない場合は、複数商品を同梱にて発送する場合がございます。
・返品特約につきましては、随時更新しておりますので
　必ず随時 ご購入前にご確認ください。
・複数店舗販売を行っておりますため、ご注文のタイミングによりましては
　在庫不足のため、キャンセルとさせていただく場合がございます。
　予めご了承ください。

■発送
・佐川急便 宅配便　による発送になります。（追跡番号有り）

■対応可能時間
平日のみ
10:00 - 16:30
上記日時以外は発送やご連絡の対応は出来かねますのでご了承ください。
（土日祝は対応不可）

ノートパソコン　ノートPC　Laptop　ラップトップ　Macbook　マックブック","54,800",https://jp.mercari.com/shops/product/gChRPeoowf6dSDFTYyLX6k,https://assets.mercari-shops-static.com/-/large/plain/RugyzcQTHVrVqpGWcjPdtk.jpg@jpg,プロフ必読★refurcom/リファコム
33,Apple MacBook Pro 2020 Core i7 タッチバー,"Apple MacBook Pro 2020 Core i7 タッチバー

OS：macOS sonoma 14.5

CPU：第10世代Core i7-1068NG7

メモリ：32GB

SSD：1TB

充放電回数：662回

Thunderbolt(USB-C)ポートx 4

日本語配列

状態：液晶に軽い傷があります。全体的に綺麗な状態です。

付属品：ACアダプター

シリーズ···Macbook Pro

ディスプレイサイズ···13インチ

仕上げ···シルバー

Pro/モデル名···2020","82,000",https://jp.mercari.com/item/m13604001808,https://static.mercdn.net/item/detail/orig/photos/m13604001808_1.jpg?1725531818,Front
34,MacBook Pro 2020 13インチ Corei5/8GB/256GB,"新しいPCを購入した為、出品することにしました。PC本体・充電器・外箱を合わせて郵送いたします。動作不具合なく、すぐに使用可能です。
発送時は初期化した状態で送ります。
ほぼ自宅用なので、傷があまりないと思いますが、気になる方は写真3枚目を参考していただけます。

シリーズ···Macbook Pro
ディスプレイサイズ···13インチ
Pro/モデル名···2020
メモリ···8GB
ストレージ 256GB
CPU ···Intel Core i5
仕上げ···スペースグレイ

放充電回数　225回
状態　正常

OS   Sonoma 14.1.2","68,999",https://jp.mercari.com/item/m29439762383,https://static.mercdn.net/item/detail/orig/photos/m29439762383_1.jpg?1722607140,きょく
35,Apple Mac Book Pro 13 2020 Touth bar 搭載,"シリーズ···Macbook Pro

サイズ···13インチ

CPU···Intel Core i5

メモリ···16GB

OS ventura

ノートパソコン
　
比較的綺麗な美品だと思います。
傷はあるか確認しましたが写真のところ以外はついてませんでした。
充電回数は69回です。

Anker製のHUBも付けています。

5月8日までの出品です。","61,500",https://jp.mercari.com/item/m27474260623,https://static.mercdn.net/item/detail/orig/photos/m27474260623_1.jpg?1714786265,Nao
36,MacBook Pro 2020 13インチ 16GB 1TB シルバー,"MacBook Pro  2020 13-inch  16GB 1TB シルバー

■シルバー
■13インチ
■2.GHz Intel i5
■SSD 1TB
■メモリ 16GB
■キーボード JISキーボード
■充放電回数 59回
■付属品 純正アダプタ、純正ケーブル、化粧箱
■動作確認済み、アクティベーションロック解除済み、初期化済みです

付属品は写真のものですべてです。
角にキズあり中古品にご理解いただける方よろしくお願いいたします。
24時間以内の発送を心掛けています。
梱包は慣れておりますので、ご安心ください。

MacBook Air Intel、M1、M2なども出品しています。
Apple
MacBookAir
MacBook Pro
kogeマック
マックブックプロ","96,000",https://jp.mercari.com/item/m57508345508,https://static.mercdn.net/item/detail/orig/photos/m57508345508_1.jpg?1727751748,たまりんご
37,527) MacBook Pro 13インチ 2020 i7-32GB-1TB,"527) Apple MacBook Pro 13インチ 2020 Core i7 2.3GHz/RAM32GB/SSD1TB(140527)

ご覧いただきありがとうございます。
丁寧な対応を心掛けますので、どうぞ宜しくお願い致します。

多少の擦れ・小傷がございます品です。
キーボードは使用感・テカリ等がございます。
初期化済みでOSは最新版のMac OS 14 Sonomaです。
アクティベーションロック解除確認済みです。
動作は快調で、現状特に気になる点はございません。正常に使用できます。
動作確認のため下記の情報で初期化後に一度セットアップしております。
到着後、電源を入れればすぐにお使いいただける状態です。

ユーザー名：USER
パスワード：1234


出品物は本体と純正61ｗACアダプター、ケーブルです。

バッテリーは「正常」表示、充放電回数 818回、完全充電時の容量 4185mAhです。

＊バッテリーは出品掲載時の情報となります。出荷までにステータスや回数が変更となる可能性がございます。消耗部品につき保証対象外とさせていただいております。
＊液晶表示につきましては経年劣化による若干の色ムラ・照度ムラがある場合がございます。

商品到着後3日間を初期不良期間として対応させて頂きます。
底面に一箇所セキュリティシールを貼っております。剥がした場合は保証対応出来ませんので、動作確認が済むまで剥がさないようにご注意ください。


【商品スペック】
■メーカー：Apple
■商品名：MacBook Pro
■モニター：Retina 13.3 インチ （2560x1600）
■OS：Mac OS 14.4.1  Sonoma
■CPU：Core i7-2.3GHz
■SSD：フラッシュストレージ 1TB
■メモリ：32GB
■グラフィック：Intel Iris Plus Graphics
■キーボード ： 日本語（JIS）配列 （バックライト付き）

＊ご希望があれば下記のOfficeソフトをインストールして出荷させて頂きます。
LibreOffice（リブレオフィス）

Microsoft Office と互換性のあるオフィスソフトです。
Word/Excel/Powerpoint/Accessファイルを互換使用可能です。","88,600",https://jp.mercari.com/item/m71618786452,https://static.mercdn.net/item/detail/orig/photos/m71618786452_1.jpg?1715229281,mainn_1234
38,Macbook Pro 13インチ 2020 M1 メモリ8GB 256,"MacBook Pro13インチになります
MYDA2J/A
色はシルバーです
あまり使用しない為出品いたしました

USBハブ、PCケース、USBtypeC→HDMIケーブル付いてます。


基本的には目視で確認できる傷はなく綺麗な状態ですが、中古品ということで細かな傷や見落とし傷がある場合がございますが、ご理解ください。

この部分の写真見せて欲しいなど、言っていただければ追加します。

＋3000円で充電コード、コンセント付属です


アップル Macbook Pro 13インチ 2020 M1

Pro/モデル名: 2020
シリーズ: Macbook Pro
チップ: M1
ディスプレイサイズ: 13インチ
ブランド: アップル




仕上げ···シルバー","83,333",https://jp.mercari.com/item/m99515804301,https://static.mercdn.net/item/detail/orig/photos/m99515804301_1.jpg?1720329382,まっち
39,396) MacBook Pro 13インチ 2020/i7/32GB/1TB,"（396) メモリーもSSDも大容量 Apple MacBook Pro 13インチ 2020 Core i7 2.3GHz/RAM32GB/SSD1TB 

ご覧いただきありがとうございます。
丁寧な対応を心掛けますので、どうぞ宜しくお願い致します。

メモリーもSSDも大容量 Core i7、メモリー32GB、SSD1TBになります。

初期化済みでOSは最新版のMac OS 14.3 Sonomaです。
アクティベーションロック解除確認済みです。
動作は快調で、現状特に気になる点はございません。正常に使用できます。
動作確認のため下記の情報で初期化後に一度セットアップしております。
到着後、電源を入れればすぐにお使いいただける状態です。

バッテリーは「正常」で充放電回数 487回、完全充電時の容量は4286mAhです。


出品物は本体のみ。

【商品説明】 

多少の擦れ・小傷があります。
キーボードは一部に若干のテカリがございます程度です。
左上角にあたりがあり、ガラスに小さな欠けがあります。
使用上問題無く、欠けが大きくなることもありません。
ハードドライブ消去済。OSは出荷時に最新のOSをインストールして発送します。 
基本的には中古品ですので、品質について神経質な方はご購入をお控え頂きますようお願い致します。 
確認等はインストールからOSの起動、SSDのチェック、BluetoothとWi-fiネット接続とソフトのインストール、
他社製Bluetoothキーボードとマウスの動作や表示のチェック、キーボードチェック、
USBポートのチェックのみとなり、問題なく行いました。


その他は確認できていない部分もあります。 
全ての確認は出来ていない状態なのでご理解願います。


【商品スペック】
■メーカー：Apple
■商品名：MacBook Pro
■モニター：Retina 13.3 インチ （2560x1600）
■OS：Mac OS 14.3 Sonoma
■CPU：Core i7 2.3GHz 
■SSD：フラッシュストレージ 1TB
■メモリ：32GB
■キーボード ： 日本語（JIS）配列 （バックライト付き）


注意:購入前に必ずプロフィールをご覧ください。 注意事項が記載しています。","75,500",https://jp.mercari.com/item/m26519647561,https://static.mercdn.net/item/detail/orig/photos/m26519647561_1.jpg?1716688207,tomo11111
40,MacBook Pro 13インチ 2020,"ご覧いただきありがとうございます。

MacBook Pro 13インチ 2020
SSD256GB メモリ8GB
タッチバー付き
 
▶メモ
・動作確認済
・工場出荷状態
・2020年に購入後1年に数回使用
・画面割れ無し
・充電器、箱付き

▶ご留意点
シール跡がございます。
充電器に使用感がございます。


その他ご質問等ございましたら、お気軽にお申し付けください。


OS···Mac OS
シリーズ···Macbook Pro
サイズ···13インチ
CPU···Intel Core i5
メモリ···8GB








シリーズ···Macbook Pro
ディスプレイサイズ···13インチ
Pro/モデル名···2020
仕上げ···スペースグレイ

シリーズ···Macbook Pro
ディスプレイサイズ···13インチ
Pro/モデル名···2020
仕上げ···スペースグレイ","50,000",https://jp.mercari.com/item/m43867488401,https://static.mercdn.net/item/detail/orig/photos/m43867488401_1.jpg?1721795344,mmmmm
41,MacBook Pro 13インチ　2020 16GB 256GB,"MacBook Pro 13インチ2020 256GB (タッチバー有り)
利用頻度が減ったため、出品します。
遠目でわかるような、大きな傷はございません。

【概要・スペック】
シリーズ...Macbook Pro（スペースグレー）
サイズ...13インチ
CPU...Intel Core i5
メモリ...16GB
ストレージ種類...SSD
ストレージ容量...256GB
充放電回数:273回

【外観】
・中古の為、使用感はあります。その点はご留意ください
・6,7,8枚目の写真にありますが、ステッカーの痕がついております。気になる方はご購入をお控えください。

【使用感】
・2020年にAppleストアにて購入
・約3年半使用（主に大学での資料作成）
・スピーカーやタッチバー、キーボードなど、機能面での問題ございません（動作良好）

【付属品】
・本体
・本体の箱
・充電アダプター
・充電ケーブル
・説明書

【ご留意点】
・あくまでも中古品となりますので、神経質な形はご遠慮ください
・購入および評価後のお問い合わせやご依頼などについては一切対応出来かねます
・初期化済みです","70,000",https://jp.mercari.com/item/m22083440319,https://static.mercdn.net/item/detail/orig/photos/m22083440319_1.jpg?1716001608,わかわか
42,MacBook Pro 13 inch 2020 i5 16GB 1TB US,"MacBook Pro13インチ 16GB 1TB
第10世代のIntel Core i5を搭載しており、
ネイティブにWindowsに対応しています。(bootcamp)

シリーズ...　Macbook Pro
ディスプレイ...　13インチ（2560 x 1600）
Pro/モデル名...　2020
仕上げ...　スペースグレイ
CPU...　Intel 第10世代 Core i5 4Core
グラフィクス…　Intel Iris Puls Graphics
メモリ...　16GB
SSD...　1TB ‼︎
OS...　macOS sonoma 14.5
キーボード…　USキー配列 タッチバー、指紋認証搭載
USB-C...　Thunderbolt 3 x 4
バッテリー充電回数…　132回
バッテリー容量…　4398mAh
バッテリーの状態…　正常

当方macOSでモバイルノートとして活用し、
自宅ではWindowsで別のキーボードとマウス及び
外部GPUと外付けモニタを接続 しFortniteを楽しんでいました。
キーボードや画面、タッチパッドのヘタリはほとんどありません。
USキーボードは、不要なひらがなが印字がなく見た目スッキリ！

MacもWindowsも両方楽しみたい方に最適です。

スクリーンにはノングレアの保護フィルムを貼って大切に使っていました。
液晶にダメージはありません。剥がさずに発送します。
電源やコネクタ類にも問題ありません。
後付けのスタンドは人気のものを装備しています。
よーく見ると使用による小キズが見つかりますが、とても綺麗な方だと思います。
外装のみクリーニングし、リセット（初期化）した状態で発送します。
付属品は購入した時のものが揃っています。

以下のURLは購入当時の仕様
https://support.apple.com/ja-jp/111339","88,800",https://jp.mercari.com/item/m54251313192,https://static.mercdn.net/item/detail/orig/photos/m54251313192_1.jpg?1719110880,ムゥェルクゥァリ
43,mac book pro 13-inch 2020,"mac book pro 13-inch 2020
スペックは画像で載せております。

車を擦ってしまったので、修理代に回したく、
泣く泣く出品してます。。

所謂Intel製最後のMacです。

動作問題無し。

デザイン業務で使ってましたが、
Adobeもサクサク動きます。

充電器などの付属品は無しです。

ディスプレイにはアンチグレアの保護フィルム、
トラックパッドにはガラス製保護フィルムを貼ってます。
お好みで外してください。

英字配列なので、ご留意いただければ幸いです。

新社会人や大学生にぜひ！
4年は使えると思います、変なwin pc買うよりは良きと思います☺︎

シリーズ···Macbook Pro

サイズ···13インチ

CPU···Intel Core i7

ストレージ種類···SSD

ストレージ容量···512GB","76,666",https://jp.mercari.com/item/m25465836726,https://static.mercdn.net/item/detail/orig/photos/m25465836726_1.jpg?1714447915,ちゃ
44,"大事に使ったMacBook Pro13インチ, 2020,メモリ16GB","妻に買ったmacbookairを、全然使わないのでこちらを出品します。
MacBook Pro13インチ, 2020, Thunderbolt 3ポート x 2
箱つき、充電器付きです。
美品だと思います！画面に4000円くらいで買ったブルーライト軽減のフィルムを貼っています。
このパソコンのおかげで法人化もできた出世PCでもあります。

シリーズ···Macbook Pro

ディスプレイサイズ···13インチretinaディスプレイ

Pro/モデル名···2020

仕上げ···スペースグレイ

仕上げ···シルバー


13インチMacBook Pro - シルバー
システム構成
第8世代の1.4GHzクアッドコアIntel Core i5プロセッサ（Turbo Boost使用時最大3.9GHz）
Intel Iris Plus Graphics 645
16GB 2,133MHz LPDDR3メモリ
256GB SSDストレージ
True Tone搭載13インチRetinaディスプレイ
Thunderbolt 3ポート x 2
Touch BarとTouch ID
PRO APPS 065-C171 NONE
SW LOGIC PRO X 065-C172 NONE
バックライトMagic Keyboard - 日本語（JIS）","72,800",https://jp.mercari.com/item/m15152765506,https://static.mercdn.net/item/detail/orig/photos/m15152765506_1.jpg?1720963312,gurio
45,Macbook Pro 2020 M1 8GB 512GB Touch Bar,"MacBookPro 2020 シルバー
M1 CPU
SSD512GB メモリ8GB
タッチバー付き

▶メモ
・動作確認済
・バッテリー正常、充電回数137回、最大容量89%
・工場出荷状態
・目立った傷や汚れ無し

▶ご留意点
普段はカバー付けて室内でのみ使用し、使用頻度は低めです。
中古品ということをご理解のうえ、検討頂けますと幸いです。

値段交渉可能です。
ご質問ある際はコメント頂けると幸いです。

▶スペック
・カラー　シルバー
・Retinaディスプレー 13.3インチ
・Apple M1
・SSD: 512GB
・メモリ：8GB
・macOS : Sonoma 14.5 （最新）
・USB-C : 左側2箇所

▶付属品
・Mac book pro 純正アダプター
・Apple純正USB-C充電ケーブル
・元箱
・簡易説明書

▶その他付属品
・別売りの透明ハードカバー



OS···Mac OS

シリーズ···Macbook Pro

CPU···M1

メモリ···8GB

シリーズ...Macbook Pro

サイズ...13インチ

CPU...M1

メモリ...8GB

ストレージ種類...SSD

ストレージ容量...512GB

Pro/モデル名...2020

ディスプレイサイズ...13インチ

チップ...M1

仕上げ...シルバー","105,000",https://jp.mercari.com/item/m57529148142,https://static.mercdn.net/item/detail/orig/photos/m57529148142_1.jpg?1716944422,RK
46,MacBook Pro 13 2020 SSD512GB Windows,"MacBook Pro MWP42J/A 13インチ 2020年モデルTouch Bar搭載 SSD 512GB/メモリ16GB/第10世代2.0GHzクアッドコアIntel Core i5
【購入価格】277,000円（消費税込み）
【値下げOK】macとwindows両方使用できるため汎用性が高いです。

●スペースグレイ
●13.3インチ（2560＊1600ピクセル）Retinaディスプレイ ●Intel Core i5 2.0GHz（Quad Core） 第10世代 ●Intel Iris Plus Graphics ●メモリ16GB（オンボード） 3733MHz LPDDR4X ●SSD 512GB
●Touch Bar搭載
●Thunderbolt 3 (USB-C)4基
●720p Face Time HDカメラ
●通信機能802.11 a/b/g/n/ac, Bluetooth 5.0
●サイズ15.6*304.1*212.4mm 1.4Kg
●BootCamp Windows10 pro 64it インストール済
●付属品　専用充電ケーブル・アダプター(USB-TYPEC)
●最もパワフルな13インチMacBook。新しく第10世代のクアッドコアIntelプロセッサとMagic Keyboardを搭載しました。
・すり替え等のトラブル防止の為、返品は対応出来かねます。購入後のトラブルを避ける為、きちんと確認してからの購入でよろしくお願いいたします。
・動作確認済み。異常無し。綺麗に映ります。","67,260",https://jp.mercari.com/item/m60512569368,https://static.mercdn.net/item/detail/orig/photos/m60512569368_1.jpg?1722121972,yy
47,MacBook Pro 2020 8GB / 256GB,"シリーズ···Macbook Pro
　　　　　macOS Big Sur/バージョン11.6

ディスプレイサイズ···13インチ

Pro/モデル名···2020

チップ···M1

仕上げ···シルバー

メモリー··· 8G

ストレージ··· 256GB


---------------

とても綺麗な状態です。
動作の不具合もありません。
初期化済みです。

※箱、充電器セットはありません。
※返品不可
※現状、値下げをする予定はございまません。
ご了承ください。

丁寧に梱包させていただきます。
よろしくお願いします。","82,000",https://jp.mercari.com/item/m28831661776,https://static.mercdn.net/item/detail/orig/photos/m28831661776_1.jpg?1717493232,ひまわり
48,700)Apple MacBook Pro 13インチ 2020 Core i5,"2020年モデル! 700) Apple MacBook Pro 13インチ 2020 Core i5 1.4GHz/RAM16GB/SSD256GB(140700)

多少の擦れ・小傷がございます品です。
パームレスト部に一部色褪せがございます。
キーボードは一部にテカリがございます。
初期化済みでOSは最新版のMac OS 14 Sonomaです。
アクティベーションロック解除確認済みです。
動作は快調で、現状特に気になる点はございません。正常に使用できます。

動作確認のため下記の情報で初期化後に一度セットアップしております。

ユーザー名：USER
パスワード：1234

出品物は本体のみです。ACアダプターは別途ご用意ください。
USB TYPE-C接続です。

バッテリーは「正常」表示で充放電回数 259回で完全充電時の容量は3931mAhです。

＊バッテリーは出品掲載時の情報となります。出荷までにステータスや回数が変更となる可能性がございます。消耗部品につき保証対象外とさせていただいております。
＊液晶表示につきましては経年劣化による若干の色ムラ・照度ムラがある場合がございます。

商品到着後3日間を初期不良期間として対応させて頂きます。
底面に一箇所セキュリティシールを貼っております。剥がした場合は保証対応出来ませんので、動作確認が済むまで剥がさないようにご注意ください。

【商品スペック】
■メーカー：Apple
■商品名：MacBook Pro
■モニター：Retina 13.3 インチ （2560x1600）
■OS：Mac OS 14.5  Sonoma
■CPU：Core i5 1.4GHz 
■SSD：フラッシュストレージ 256GB
■メモリ：16GB
■グラフィック：Intel Iris Plus Graphics 645
■キーボード ： 日本語（JIS）配列 （バックライト付き）
■カラー：スペースグレイ

＊ご希望があれば下記のOfficeソフトをインストールして出荷させて頂きます。
LibreOffice（リブレオフィス）

Microsoft Office と互換性のあるオフィスソフトです。
Word/Excel/Powerpoint/Accessファイルを互換使用可能です。","58,600",https://jp.mercari.com/item/m16699119793,https://static.mercdn.net/item/detail/orig/photos/m16699119793_1.jpg?1718949908,mainn_1234
49,【美品】MacBook Pro 13インチ 2020 スペースグレイ,"MacBook Pro 13インチ 2020

＜スペック＞
・スペースグレイ
・1.4GHz クアッドコア Intel Core i5
・Retina 13.3インチ
・SSD：512GB
・メモリ：16GB
・充電数：167
・バッテリー状態：正常
・Thunderbolt 3（USB-C）ポート × 2
・Touch Bar と Touch ID


＜付属品＞
・MacBook Pro 純正アダプター （小傷あり）
・Apple純正USB-C充電ケーブル
・元箱

2020年6月にApple公式サイトにて購入。
写真10・11枚目の通り、
購入時より専用ケースに入れて使用していたため
本体に目立ったキズはなく、
キーボードにも不具合や陥没等はありません。

しかしながら、
細かなキズや見落とし等も可能性がありますので
中古品であることを予めご了承いただき
ご購入の検討をお願いいたします。

また、すり替え防止のため
いかなる場合も返品・キャンセルは
ご対応いたしかねます。

本体はすでに初期化済みで、
可能な限り最速で発送いたします。

気持ちの良いお取引き、
よろしくお願いいたします！

＊写真10・11枚目のケースは
角が割れてしまっているため付属しません。","79,900",https://jp.mercari.com/item/m54400112360,https://static.mercdn.net/item/detail/orig/photos/m54400112360_1.jpg?1723940460,LEO
50,MacBook Pro 2020 13インチ 1TB,"シリーズ···Macbook Pro

ディスプレイサイズ···13インチ

Pro/モデル名···2020

仕上げ···スペースグレイ

あんまり使ってなかったので出品しました。
充電回数100回ちょいであんまり使ってませんでした。
まだまだ使えます。
マウスとかその辺もお付けします。
箱とかはないです！画像の内容になります。

あんまりパソコン詳しくないので詳細は画像で確認してください！","64,600",https://jp.mercari.com/item/m46288653708,https://static.mercdn.net/item/detail/orig/photos/m46288653708_1.jpg?1717150823,藤田
51,"◆ジャンク品・本体のみ◆Apple MacBook Pro (13インチ, 2020, Thunderbolt 3ポート x 4)【i5・16GB・512GB】★充電不可 A2251 EMC3348/LT-JUNK-241537（244797）","★★★ACアダプタ（充電器）なしの商品です！！！！★★★

★★★★★★★★★★★★★★★★★★★

ジャンク品としての出品です。

記載以外にも不具合がある可能性がございます。
ジャンク品のため、商品詳細の個別問合せについてはご返答いたしかねます。

ご理解いただける方のみご購入ください。

★★★★★★★★★★★★★★★★★★★

ローカルにてユーザーアカウント[ user ] を作成済みです。
ログインパスワード：1111

★★★★★★★★★★★★★★★★★★★

★バッテリー異常（充電不可・修理サービス推奨）
★起動・動作が重い（遅い）
★中古品のため、キズ・汚れあり
のため、ジャンク品として出品いたします。

ACアダプタ（充電器）をつないだ状態でないと稼働しませんが
ACアダプタは付属しておりません。
※撮影時はACアダプタを接続しております
ご了承の上ご検討ください。

あくまでジャンク品でございますため、
【起動しない可能性がある】ことを含め、ご検討ください。
部品どりなどにどうぞ！

写真および説明文で状態をご確認の上、
ジャンク品であることをご理解いただける方のみご検討ください。
※写真に写しきれていないキズや汚れもございます。ご了承ください。

【 値下げ不可　値下げ交渉のご連絡はご返信いたしかねます】

■モデル
MacBookPro16,2
A2251
EMC 3348

■商品検査
弊社内にて業務用ソフトウェアにて検査済み

■商品仕様
商品詳細につきましては画像にてご確認ください。
なお、バッテリーにつきましては撮影時の情報となり、
到着時には多少低下している場合がございます。

技術仕様ページ/Technical Specifications
https://support.apple.com/kb/SP819?locale=ja_JP

※キーボードについて
英字キーボード/日本語キーボードのいずれかについては
必ず画像にてご確認ください。

■同梱物
なし

■状態
ジャンク品（記載のない不具合が生じる可能性あり/キズ・汚れあり）

■注意点
・商品詳細に関しましては公式ＨＰよりご覧ください。
・中古品とご理解いただける方のみご購入ください。
・お値引き等は受け付けておりません。
・起動確認しておりますが、お客様の環境での動作保証は出来かねます。
・複数商品をご注文時、同梱不可の場合はご注文後すぐに取引メッセージにてご連絡ください。
　ご連絡が当店で確認できない場合は、複数商品を同梱にて発送する場合がございます。
・返品特約につきましては、随時更新しておりますので必ず随時 ご購入前にご確認ください。
・複数店舗販売を行っておりますため、ご注文のタイミングによりましては
　在庫不足のため、キャンセルとさせていただく場合がございます。
　予めご了承ください。

■発送
・佐川急便 宅配便　による発送になります。（追跡番号有り）

■対応可能時間
平日のみ
10:00 - 16:30
上記日時以外は発送やご連絡の対応は出来かねますのでご了承ください。
（土日祝は対応不可）

ノートパソコン　ノートPC　Laptop　ラップトップ　Macbook　マックブック","42,800",https://jp.mercari.com/shops/product/cTnxUzJjYdW3nvMCNc8Nri,https://assets.mercari-shops-static.com/-/large/plain/cKjTDbsCj64MoPDCDq8MMm.jpg@jpg,プロフ必読★refurcom/リファコム
52,MacBook Pro M1(2020年) 13インチ,"MacBook Pro M1 2020年販売 13インチ

3年間ほど使用しましたが、新商品購入つにつき出品します。
本体、画面共に使用感ありますが、操作に不具合等はありません。（出品者は仕事に使用）

箱付き","70,000",https://jp.mercari.com/item/m90934849735,https://static.mercdn.net/item/detail/orig/photos/m90934849735_1.jpg?1719829573,Shurina
53,MacBook Pro 13-inch M1 2020 256GB SV,"使用しなくなったので出品します。
またMagic Mouse2もおつけします。

気軽に質問ください。

シリーズ···Macbook Pro

サイズ···13インチ

CPU···M1

メモリ···8GB

ストレージ種類···HDD

ストレージ種類···SSD

ストレージ容量···256GB","100,000",https://jp.mercari.com/item/m63553468313,https://static.mercdn.net/item/detail/orig/photos/m63553468313_1.jpg?1715928097,たちゅ
54,MacBook pro 2020年モデルi5 8G ssd256GB 13インチ,"こちらを読んでからコメントお願いします
申し訳ありませんが値下げ交渉無しでお願いします　関係ないコメントは誤認を生むため削除しますのでお許し下さい。

買い替えのため出品致します
購入が2022年4月　購入店大手家電店Joshin
使用期間　1年7ヶ月ほど使用
今はメンテの為に電源を入れたり消したりはしています

細かな傷などあります
モニターに細かな傷　（マジマジ見て探さないとわからない）
裏面に細かな傷　（探さないとわからない）
神経質な方は新品の方が良いかと思われます。
そこそこ美品かと思います

スペックは画面でお確かめ下さい
箱あり
充電器あり
故障不具合無し
⭐︎最新版のOS使えます⭐︎

完全充電時の容量　4307mhaとなります　放電回数498回　こちらはメンテのために充電してますので増えていきます

決定後初期化しますのでキャンセル無しでお願いします　データー移行と最終メンテナンスに2日頂きます

MacBookproは音楽制作に使用
室内保管　室内使用⭐︎タッチバー使えます⭐︎指紋認証機能あり

現在保管状況　完全放電させない為定期的な充電をしています

購入日2022年4月

OS···Mac OS

メモリ···8GB

ストレージ種類···SSD

ストレージ種類···HDD

ストレージ容量···256GB

ディスプレイ インチ···13

この商品は中古なので新品並みの品質を求められる方は申し込まないでください。また、購入後のクレームには対応できませんので買う前に質問下さい","66,000",https://jp.mercari.com/item/m21394195069,https://static.mercdn.net/item/detail/orig/photos/m21394195069_1.jpg?1706167856,kamome
55,【美品】 MacBook Pro 2020 256GB 8GB スペースグレイ,"ご覧頂きありがとうございます！

【美品】 MacBook Pro 2020 256GB 8GB スペースグレイ 

▶スペック
・スペースグレイ
・Retina 13.3インチ
・1.4GHzクアッドコアIntel Core i5
・SSD：256GB
・メモリ：8GB
・キーボード：JIS
・充放電：40回（Apple最大推奨値1000回）
・macOS：Sonoma

▶付属品
・Mac book pro 純正アダプター
・Apple純正USB-C充電ケーブル
・元箱

▶メモ
・Apple Diagnostics 異常なし
・工場出荷状態
・動作確認済
・アクティベーションロック解済
・目立ったキズやよごれなし

▶注意点
文章より写真を優先。
細かな傷や、見落としキズがある場合もございますが、中古品ということをご理解ください。

⭕️ほぼ即日発送
⭕️限定1台（他サイトでも出品中の為、取り下げる場合あり）
⭕️送料無料
⭕️ご安心ください！
整備や清掃、数十箇所に及ぶ動作確認、負荷テスト、査定等を行い、最適な状態にしてお届けいたします。


Intel 搭載MacBook Pro、M1 M2 搭載MacBook Air など出品中です！

アップル マック エアー プロ シルバー  zu PC MWP82J/A MYD92J/A MYDA2J/A MYDC2J/A  A2338 2021 2019 2018 MGN63J/A MGN93J/A MGND3J/A MGN73J/A MGNA3J/A MGNE3J/A 14


シリーズ...Macbook Pro
サイズ...13インチ","70,000",https://jp.mercari.com/item/m92224776011,https://static.mercdn.net/item/detail/orig/photos/m92224776011_1.jpg?1721178597,ほしお
56,MacBook Pro 2020 Core i5 16GB SSD512GB,"基本クラムシェルモード（本体を閉じてモニターに接続）して使用、キーボードやマウスもBluetoothで接続して使用していたため、かなり綺麗かと思います。
本体のキーボードにもキーボードカバーを付けて使用。

動画編集・・・Adobe premiere pro ,Final Cut   Pro Xで動画編集可能なスペック


◆スペック

・MacBook Pro 13.3インチ

・2.0Ghz クアッドコア Core i5

・16GB メモリ

・ストレージ512GB

◆付属品（２枚目の画像に写っているもの）

・MacBook Pro本体　×1

・C to Cケーブル　純正（未使用） ×1

・充電アダプター　純正（未使用） ×1

・説明書（未使用） ×1

・箱 ×1


◆状態

美品ではあると思いますが、一箇所小さな傷があります。（９枚目画像参照）

液晶とトラックパッドに、購入時から保護シートを貼ってあります。（そのままお送りします）

※非喫煙環境で使用
CPU...Intel Core i5
メモリ...16GB
ストレージ種類...SSD
ストレージ容量...512GB
サイズ...13インチ
シリーズ...Macbook Pro","77,800",https://jp.mercari.com/item/m95594020268,https://static.mercdn.net/item/detail/orig/photos/m95594020268_1.jpg?1716099050,用心棒
57,MacBook Pro 13インチ　2020 8GB 256GB,"MacBook Pro 13インチ　2020 8GB 256GB
シリーズ...Macbook Pro
サイズ...13インチ
CPU...Intel Core i5
メモリ...8GB
ストレージ種類...SSD
ストレージ容量...256GB

【内容】
充電器など付属品はすべてそろっております！
液晶画面に保護フィルムを張っているのと、キーボードカバーも付けます！キーボードカバーについては、アルコール消毒済みですが使用感のある色となっているため洗剤などで洗っても良いと思います。

【商品詳細】
日常のネットサーフィンなどで3年ほど使用しておりましたが、Windowsへと乗り換えた為出品致します。保護フィルムやキーボードカバーをしていたので、汚れとかはほとんどありませんが、さすがApple製品というべきか、傷がほとんどついてないですね！まだまだ息は長いと思います。

OSについては最新にアップデート済みになります。
使用していて気になるところは特にありません。

ご質問があればよろしくお願いいたします(^^)/","74,000",https://jp.mercari.com/item/m62741797768,https://static.mercdn.net/item/detail/orig/photos/m62741797768_1.jpg?1713875692,まき
58,超美品Retina 13 MacBook Pro 2020 Core i7,"超美品 Retina 13 MacBookPro 2020 Core i7 16G AppleSSD 512G 

メーカー名: Apple
型番: Retina MacBookPro 2020 スペースグレイ
CPU: 2.3GHzクアッドコア第10世代Intel Core i7（Turbo Boost使用時最大4.1GHz）
メモリ: 16GB LPDDR4X-3733MHz
ストレージ(SSD): AppleSSD 512G
グラフィックス: Intel Iris Plus Graphics 1536 MB
画面サイズ: Retina 13.3ワイド (解像度: 2560 x 1600ドット)
Wifi: Wifi内蔵
Webカメラ: カメラ内蔵
キーボード: JIS
Touch Bar: あり
Touch ID: あり
アクティベーションロック解除済み

OSシステム: macOS 

Apple mac OS & Microsoft Windows 11 Proが使用出来ます。Mac＆Windowsを切り替えて使用できます。Windows 11 Pro は仮想マシンとしてMacOSの下に稼働しているために、再起動せずにWindowsをご利用いただけます。


付属品:
Apple ACアダプター、Mac用USB対応プラグ
内蔵バッテリー (充放電回数: 118 回)

超美品です！動作確認済みです。
液晶は傷なく、発色も綺麗な状態です。
液晶コーティング剥もありません。

キーボード、バームレストとも綺麗な状態で、文字消えがありません。
細かい傷などがある場合はご容赦下さい。
中古品というご理解がある方のみ入札をお願いいたします。

初期化して発送いたします。
よろしくお願いいたします。","58,000",https://jp.mercari.com/item/m92943228946,https://static.mercdn.net/item/detail/orig/photos/m92943228946_1.jpg?1716711186,プロフみてくだされ！！
59,"MacBook Pro (13インチ, 2020)","MacBook Pro (13インチ, 2020, Thunderbolt 3ポート x 4)

中古品のためややへこみや傷がございます。
- モデル: MacBook Pro
- プロセッサ: 2 GHz クアッドコア Intel Core i5
- グラフィックス: Intel Iris Plus Graphics 1536 MB
- メモリ: 16 GB 3733 MHz LPDDR4X
- ストレージ: Macintosh HD
- OS: macOS 13.6.3

初期化済み
付属品はなく、本体のみになります。","40,000",https://jp.mercari.com/item/m81782184642,https://static.mercdn.net/item/detail/orig/photos/m81782184642_1.jpg?1726740760,しば
60,【ジャンク品】 MacBook Pro (13インチ、2020),"MacBook Pro (13インチ, 2020, Thunderbolt 3ポート x 2)
スペースグレイ


画面の左に亀裂が入っています。操作は可能です。
プロの方やスムーズなお取り引きができる方のみお願い致します。
画面ひび割れのため、バッテリー状態を確認することができません。
修理もしくは部品取りです。
クレーム等一切不可。返品不可。

画面サイズ···13インチ
製品年式···2020
CPU種類···1.4GHz Core i5
メモリ···8GB
SSD容量···256GB

【付属品】
・PC本体
・USB-Cケーブル
・ACアダプター","31,580",https://jp.mercari.com/item/m34007069362,https://static.mercdn.net/item/detail/orig/photos/m34007069362_1.jpg?1721820311,ベル
61,822)MacBook Pro 13インチ 2020 i7-16GB-512GB,"2020年 高速大容量!! 822) Apple MacBook Pro 13インチ 2020 Core i7 2.3GHz/RAM16GB/SSD512GB (140822)

ご覧いただきありがとうございます。
丁寧な対応を心掛けますので、どうぞ宜しくお願い致します。

多少の擦れ・小傷がございます品です。
キーボードは一部に若干のテカリがございます程度です。

初期化済みでOSは最新版のMac OS 14.5 Sonomaです。
アクティベーションロック解除確認済みです。
動作は快調で、現状特に気になる点はございません。正常に使用できます。

動作確認のため下記の情報で初期化後に一度セットアップしております。

ユーザー名：USER
パスワード：1234

出品物は本体と純正ACアダプター充電器、ケーブルです。

バッテリーは「正常」表示、充放電回数 434回、完全充電時の容量 4076mAhです。

＊バッテリーは出品掲載時の情報となります。出荷までにステータスや回数が変更となる可能性がございます。消耗部品につき保証対象外とさせていただいております。
＊液晶表示につきましては経年劣化による若干の色ムラ・照度ムラがある場合がございます。

商品到着後3日間を初期不良期間として対応させて頂きます。
底面に一箇所セキュリティシールを貼っております。剥がした場合は保証対応出来ませんので、動作確認が済むまで剥がさないようにご注意ください。


【商品スペック】
■メーカー：Apple
■商品名：MacBook Pro
■モニター：Retina 13.3 インチ （2560x1600）
■OS：Mac OS 14.5 Sonoma
■CPU：Core i7-2.3GHz
■SSD：フラッシュストレージ 512GB
■メモリ：16GB
■グラフィック：Intel Iris Plus Graphics
■キーボード ： 英語（US）配列 （バックライト付き）
■カラー：シルバー

＊ご希望があれば下記のOfficeソフトをインストールして出荷させて頂きます。
LibreOffice（リブレオフィス）

Microsoft Office と互換性のあるオフィスソフトです。
Word/Excel/Powerpoint/Accessファイルを互換使用可能です。","68,800",https://jp.mercari.com/item/m94487143710,https://static.mercdn.net/item/detail/orig/photos/m94487143710_1.jpg?1721366430,mainn_1234
62,MacBook Pro Retina 13インチ 16GB 1TB 2020年,"中古ということ、詳細をご覧いただき了承の方のみご入札ください。
※ヤマト運輸にてパソコン専用の梱包材にてお届けいたします。


2020発売
充放電回数7回正常

・動作確認ok、初期化済み
(写真の画面撮影後にから、すべてのコンテンツと設定を消去をしてあります。
Apple

・MacBook Pro Retinaディスプレイ 2000/13.3 MWP82J/A [シルバー]
2020mid

2.0GHzクアッドコア第10世代Intel Core i5プロセッサーと1TB SSDを搭載した13.3型MacBook Pro。「True Tone」搭載Retinaディスプレイ。
再設計されたシザーメカニズムと1mmのキーストロークでより安定感のある打鍵感を持つ「Magic Keyboard」を搭載し「Touch Bar」と「Touch ID」を装備。
グラフィックスにIntel Iris Plus Graphicsを搭載。4Kビデオ編集、画面の高速描画、ゲームプレイなどで前世代比最大80%すぐれた性能を発揮する。

・画面サイズ：13.3インチ　CPU：第10世代 Core i5/2GHz/4コア　ストレージ容量：SSD：1TB　メモリ容量：16GB

・状態 : OSは最新版になっています。2024年9月21日現在。写真の画面撮影後にから「すべてのコンテンツと設定を消去」しています。
使用は新品で購入[2022年12月]後、iTunesに曲を入れていたくらいで、ほぼ使っていません。
綺麗な状態です。
タッチバーの保護シールは新品のままはがしていません。
付属品は全てあり。本体以外(バッテリー、タイプCケーブル)は新品。
新品購入時にバッテリーを新品に変えてあります。（アップルストア）にて。

落札後、速やかに発送させていただきます。


- モデル: MacBook Pro
- 色: シルバー
- キーボード言語: 日本語
- 特長: バックライトキーボード
- 画面サイズ: 13インチ

Pro/モデル名···2020","80,900",https://jp.mercari.com/item/m37970928522,https://static.mercdn.net/item/detail/orig/photos/m37970928522_1.jpg?1726918564,29sports_
63,MacBook Pro 2020 13インチ i7 32GB 512GB,"本体の色はシルバーです。

CPU: Intel Core i7 2.3GHz
メモリ：32GB
ストレージ：512GB
バッテリー充放電回数: 300回（到着までに1回増える可能性があります。）

付属品：純正アップル61W充電器、USB-Cケーブル

動作に問題はありません。

Thunderbolt3×4

画面は綺麗です。
多少の小傷がありますが、全体的に綺麗な方だと思います。
探すをオフにして、アクティベーションロック解除済みです。

製品年式2020
シリーズMacBook Pro
画面サイズ13～14.4インチ
CPU種類Corei7
OSMac OS
メモリ32GB～
SSD容量512GB



 Pro





検索用
2015 2016 2017 2018 2019 2020
13インチ 14インチ 15インチ 16インチ
8gb 16gb 32gb 64gb 128gb 256gb 512gb 1tb
i5 i7 i9","88,600",https://jp.mercari.com/item/m13460268323,https://static.mercdn.net/item/detail/orig/photos/m13460268323_1.jpg?1723042979,はろる
64,MacBook Pro 2019,"2019年発売のMacBook Proです
・13インチ
・intel core i5 1.4GHzクアッドコア
・ストレージ128GB
・メモリ8GB
・カラー スペースグレイ

初期化済み
動作確認済み

付属品
電源コード

2020年5月に新品で購入し半年ほど使用した後、自宅で保管していました。","56,700",https://jp.mercari.com/item/m62308301549,https://static.mercdn.net/item/detail/orig/photos/m62308301549_1.jpg?1724591675,べいる
65,"MacBookPro 13-inch,2019,FourThunderbolt","MacBook Pro (13-inch, 2019, Four Thunderbolt 3 ports)
CPU：Intel Core i5
メモリ：8GB
SSD：256GB

2020年に購入しました。現在使用していないため出品します。
箱、充電器が付属します。付属品は写真のものが全てです。

目立たないですが小さな傷があるため、ご購入される際には写真をよくご確認下さい。
写真9枚目、10枚目に傷の写真も載せています。

気になる箇所があればコメントいただければ回答しますので、よろしくお願いします。

macOS Sonomaにて初期化済みです。","54,000",https://jp.mercari.com/item/m25509363758,https://static.mercdn.net/item/detail/orig/photos/m25509363758_1.jpg?1728231103,バウム
66,美品 MacBook Pro 2020 13インチ i5 16GB 512GB,"シリーズ...Macbook Pro
ディスプレイサイズ...13インチ
Pro/モデル名...2020
チップ...Core i5
仕上げ...スペースグレイ

■商品名：MacBook Pro
■型番：MWP42J/A 
■モニター：13.3インチ WQXGA (2560x1600)
■CPU：Core i5 2.0GHz クアッドコア
■SSD：512GB メモリ：16GB 
■充放電回数：86回
■付属品：本体、充電器、USB-Cケーブル
箱はございません

2021年4月購入し、使用頻度が低いためお譲りします。全体的に綺麗ですが、一番後ろの２つの写真は、少し目立つ傷がある箇所です。初期化して発送しますので届いてすぐに使用できます。","75,000",https://jp.mercari.com/item/m56396795365,https://static.mercdn.net/item/detail/orig/photos/m56396795365_1.jpg?1722349526,setsu
67,574) MacBook Pro 13インチ 2020 i7-32GB-1TB,"574) Apple MacBook Pro 13インチ 2020 Core i7 2.3GHz/RAM32GB/SSD1TB(140574)

擦れ・傷がございます品です。
パームレスト部に一部目立つ擦れや傷がございます。
キーボードは一部に若干のテカリがございます。
初期化済みでOSは最新版のMac OS 14.5 Sonomaです。
アクティベーションロック解除確認済みです。
動作は快調で、現状特に気になる点はございません。正常に使用できます。
動作確認のため下記の情報で初期化後に一度セットアップしております。
到着後、電源を入れればすぐにお使いいただける状態です。

ユーザー名：USER
パスワード：1234

出品物は本体のみです。ACアダプターは別途ご用意ください。
USB TYPE-C接続です。

バッテリーは「正常」表示、充放電回数 742回、完全充電時の容量 4120mAhです。

＊バッテリーは出品掲載時の情報となります。出荷までにステータスや回数が変更となる可能性がございます。消耗部品につき保証対象外とさせていただいております。
＊液晶表示につきましては経年劣化による若干の色ムラ・照度ムラがある場合がございます。

商品到着後3日間を初期不良期間として対応させて頂きます。
底面に一箇所セキュリティシールを貼っております。剥がした場合は保証対応出来ませんので、動作確認が済むまで剥がさないようにご注意ください。


【商品スペック】
■メーカー：Apple
■商品名：MacBook Pro
■モニター：Retina 13.3 インチ （2560x1600）
■OS：Mac OS 14.5 Sonoma
■CPU：Core i7-2.3GHz
■SSD：フラッシュストレージ 1TB
■メモリ：32GB
■グラフィック：Intel Iris Plus Graphics
■キーボード ： 日本語（JIS）配列 （バックライト付き）

＊ご希望があれば下記のOfficeソフトをインストールして出荷させて頂きます。
LibreOffice（リブレオフィス）

Microsoft Office と互換性のあるオフィスソフトです。
Word/Excel/Powerpoint/Accessファイルを互換使用可能です。","69,600",https://jp.mercari.com/item/m52247007970,https://static.mercdn.net/item/detail/orig/photos/m52247007970_1.jpg?1716011011,mainn_1234
68,美品　MacBook Pro 13インチ 2020 32GB 1TB シルバー,"※※値下げには対応できませんのでご了承ください。

また、相場や検索数などから判断し値上げする場合がございます。予めご了承ください。



MacBook Pro  2020モデル
シルバー




■スペック■
画面サイズ: 13インチ
CPU種類: 2.3 GHzクアッドコアIntel Core i7
OS: MacOS Sonoma  バージョン14.5 (最新)
メモリ: 32GB
SSD容量: 1TB




■付属品■
・MacBook Pro 本体
-純正ACアダプター
-純正USB-Cケーブル




■バッテリー■
・バッテリー状態 : 正常 / 100% / 4609mAh




■動作■
・正常動作確認済み
・アクティベーションロック解除済み
・初期化済み

※使用期間や頻度についてはバッテリーの項目を参考にしてください。




■状態■
外装、液晶画面、キーボードについて目立つ傷や擦れは無く綺麗な状態です。

OSについては最新のSonomaにアップデートしています。


メモリが32GB、SSDが1TBと通常モデルの4倍搭載されていますので、現行モデルと比較してもWebブラウザやマルチタスクをする際は止まる事もなく非常に快適に使用することができます。





■梱包-発送■
プチプチにしっかり包んで丁寧に梱包し、24時間以内に発送致します。




※中古品ですので、神経質な方のご購入はお控えください。 
※他サイトと同時掲載の為、先に売れてしまった場合はお取引をキャンセルする場合がありますので予めご了承ください。




素敵なご縁となることを願っています。
ぜひご検討下さい(^^)","102,500",https://jp.mercari.com/item/m54480198900,https://static.mercdn.net/item/detail/orig/photos/m54480198900_1.jpg?1721992905,IBU
69,MacBook Pro 2020 512G 16G 13インチ スペースグレー,"MacBook Pro  2020 13-inch 512GB 16GB 

■スペースグレー
■13インチ
■2.0GHz Intel i5
■SSD 512GB
■メモリ 16GB
■キーボード JIS
■充放電回数 119回(出品時)
■付属品 アダプタ、ケーブル
■動作確認済み、アクティベーションロック解除、初期済みです。

シリーズ···Macbook Pro

ディスプレイサイズ···13インチ

Pro/モデル名···2020

仕上げ···スペースグレイ","82,000",https://jp.mercari.com/item/m55604004568,https://static.mercdn.net/item/detail/orig/photos/m55604004568_1.jpg?1722171155,Irori@English OK
70,502) MacBook Pro 13インチ 2020 i7-32GB-1TB,"502) Apple MacBook Pro 13インチ 2020 Core i7 2.3GHz/RAM32GB/SSD1TB(140502)

多少の擦れ・小傷がございます品です。
天板の淵部分に１か所削れがございます。
キーボードは一部に若干のテカリがございます。
初期化済みでOSは最新版のMac OS 14 Sonomaです。
アクティベーションロック解除確認済みです。
動作は快調で、現状特に気になる点はございません。正常に使用できます。
動作確認のため下記の情報で初期化後に一度セットアップしております。
到着後、電源を入れればすぐにお使いいただける状態です。

ユーザー名：USER
パスワード：1234

出品物は本体のみです。ACアダプターは別途ご用意ください。
USB TYPE-C接続です。

バッテリーは「正常」表示、充放電回数 437回、完全充電時の容量 4400mAhです。

＊バッテリーは出品掲載時の情報となります。出荷までにステータスや回数が変更となる可能性がございます。消耗部品につき保証対象外とさせていただいております。
＊液晶表示につきましては経年劣化による若干の色ムラ・照度ムラがある場合がございます。

商品到着後3日間を初期不良期間として対応させて頂きます。
底面に一箇所セキュリティシールを貼っております。剥がした場合は保証対応出来ませんので、動作確認が済むまで剥がさないようにご注意ください。


【商品スペック】
■メーカー：Apple
■商品名：MacBook Pro
■モニター：Retina 13.3 インチ （2560x1600）
■OS：Mac OS 14.4.1  Sonoma
■CPU：Core i7-2.3GHz
■SSD：フラッシュストレージ 1TB
■メモリ：32GB
■グラフィック：Intel Iris Plus Graphics
■キーボード ： 日本語（JIS）配列 （バックライト付き）

＊ご希望があれば下記のOfficeソフトをインストールして出荷させて頂きます。
LibreOffice（リブレオフィス）

Microsoft Office と互換性のあるオフィスソフトです。
Word/Excel/Powerpoint/Accessファイルを互換使用可能です。","79,800",https://jp.mercari.com/item/m45328344961,https://static.mercdn.net/item/detail/orig/photos/m45328344961_1.jpg?1714795509,mainn_1234
71,Macbook Pro メモリ32GB SSD1TB 2020年モデル13インチ,"Macbook Pro　２０２０年モデル
13インチ
CPU：Intel Core i7
メモリ：32GB
SSD：1TB
カラー：シルバー
バッテリー：正常

付属品：Apple充電器６１W

メモリが３２GB、SSDが１TBもあるので、かなり余裕で使えます。

基本的にキレイと思いますが、よく見ると、細かなキズはあると思います。
初期化しています。アクティベーションロックありません。
パスワードは""user""で設定しています。そのまますぐ使えると思います。

プチプチとダンボールで梱包してお送りします。
連休中でも、翌日には発送できます。
よろしくお願いします。","100,000",https://jp.mercari.com/item/m60394145320,https://static.mercdn.net/item/detail/orig/photos/m60394145320_1.jpg?1714787458,よし
72,13インチ Macbook Pro 2020 Intel,"※値下げ交渉には対応しませんのでご了承ください。
※高額な取引です。本人確認をしていない方の購入はキャンセルします。評価数が0の方も、場合によってはキャンセルする場合があります。

PCを買い替えたため出品します。
2020/6に購入しました。傷はボディに2箇所(8.9枚目)ありますが、液晶には目立つものはありません。液晶、キーボード、その他の部分を清掃した状態で発送させていただきます。

発送品(10枚目)
本体、充電アダプタ、充電ケーブル

充放電回数(11枚目)
429回

システム構成(12枚目)
1.4GHzクアッドコアIntel Core i5
16GB 2,133MHz LPDDR3メモリ
256GB SSD
JIS配列

その他ご質問があればお気軽にお尋ねください。","61,200",https://jp.mercari.com/item/m82681925933,https://static.mercdn.net/item/detail/orig/photos/m82681925933_1.jpg?1714890656,春菊
73,美品 MacbookPro 13inch/32GB/1TBSSD,"Macbook Pro 2020 13inch です。
基本家庭用で使用しました。
目立った傷などはございません。
買い替えのため出品します。
＋おまけでMOFTの製品も付いてます！

レアなカスタム32GB USキーボードです！

動作確認済みです。
中古品ですのでノークレーム・ノーリターンでお願いいたします。

メモリを32GB, ディスクを1TBにカスタマイズしております。
Intel CPUのため、アプリケーションの互換性で困ることがありませんでした。
メモリ、ディスク共に非常に余裕があり、メイン機としてお使いいただけるかと思います。

充電アダプター(61W)が付属します。


画面サイズ...13インチ
OS...Mac OS
メモリ...32GB
SSD容量...1000GB
重量...1.4kg
画面解像度...Retina DIsplay
キーボード... US配列、英語配列、USキーボード、英語キーボード

詳細は以下をご確認ください。（外部ページ）
◆MacBook Pro (13-inch, 2020, Thunderbolt 3ポートx 4) - 技術仕様
https://support.apple.com/kb/SP819?viewlocale=ja_JP&locale=ja_JP

シリーズ···Macbook Pro

ディスプレイサイズ···13インチ

Pro/モデル名···2020

仕上げ···スペースグレイ","68,000",https://jp.mercari.com/item/m59381493175,https://static.mercdn.net/item/detail/orig/photos/m59381493175_1.jpg?1726762053,ニコ
74,Mac book pro 2020,"Mac book pro 2020 intel corei5
自宅で使用していましたが、買い替えのための出品となります。
使用中の不具合等はございません。
画面は購入時よりフィルムが貼ってあります。
そのまま送りますので不要でいたら処分してください。
バッテリーの容量は4071充電回数は495です。

充電器とケーブルは使用感があります。
箱も見つかりましたら付属致します。



サイズ···13インチ

CPU···Intel Core i5

メモリ···8GB

ストレージ種類···SSD

ストレージ容量···256GB
メモリ···8GB","52,000",https://jp.mercari.com/item/m79516503122,https://static.mercdn.net/item/detail/orig/photos/m79516503122_1.jpg?1715086507,やまだ
75,MacBook Pro 2020 Core i7 512GB,"シリーズ...Macbook Pro

サイズ...13インチ

CPU...Intel Core i7

メモリ...32GB","70,000",https://jp.mercari.com/item/m67044436116,https://static.mercdn.net/item/detail/orig/photos/m67044436116_1.jpg?1713018302,航
76,MacBook pro 2020年モデル　256GB,"2020年に購入しましたが、ほぼ使用していません。
一部小さい傷があります。(4枚目参照)
勿体無いので、使っていただける方にお譲りします。
充電器は付属です。
カバーを付けて使っていたので、必要であればカバーごとお譲りします。不要であればカバー無しで発送します。
usb-usb cのアダプタも合わせて購入したのですが、必要であればお付けします。(11枚目参照)
不要の場合は800円お値下げします。
箱はどこかに行ってしまったのでありません。
初期化して発送いたします。


シリーズ···Macbook Pro

サイズ···13インチ

CPU···Intel Core i5

ストレージ種類···SSD

ストレージ容量···256GB

メモリ···8GB

充電回数…16回","85,500",https://jp.mercari.com/item/m87590653105,https://static.mercdn.net/item/detail/orig/photos/m87590653105_1.jpg?1713787088,きあ
77,Mac book Pro 2020 13インチ 　スペースグレー A2251,"シリーズ··· MacBook Pro (13-inch, 2020, Thunderbolt 3ポートx 4)
ディスプレイサイズ···13インチ
Pro/モデル名···2020
仕上げ···スペースグレイ

メモリ:16GB

ストレージ:1TB

プロセッサ: 2.3GHzクアッドコア第10世代Intel Core i7（Turbo Boost使用時最大4.1GHz)

詳細はこちらをご確認お願いします。
https://support.apple.com/ja-jp/111339

付属品:
純正充電器
純正充電コード
純正箱


PC買い替えのため出品します。
カバーをつけて使用していたため、外装には目立った傷はなく、新品のような見た目です。
画面は拭き取りましたが、古い小傷や汚れなどは取りきれなかったので、画面を付けていないと少し汚れが見えます。(画像7を参照)
画面をつければ目立つ汚れなどはありません。
パット箇所はフィルムを付けていたので剥がしてお渡しします。

キーボード等もアルコールでの除菌、エアブローにて掃除してますが、細かいチリや汚れは取りきれなかったのでご了承ください。

また、状態としては良好ですが、経年劣化もあり、重たい動画編集などは書き出しに時間がかかる場合があります。
趣味の範疇であれば問題ありませんが、仕事として使用する場合はご留意ください。

＊こちらの商品はM1ではないのでご注意ください。純正キーボードのtouch IDの接続が上手くいかない可能性があります。

すり替え防止のため、購入後の返品は原則ご遠慮願います。
初期不良等ありましたらご連絡ください。

中古品にご理解ある方のみご購入お願い致します。

シリーズ···Macbook Pro
ディスプレイサイズ···13インチ
Pro/モデル名···2020
仕上げ···スペースグレイ","79,000",https://jp.mercari.com/item/m81790775491,https://static.mercdn.net/item/detail/orig/photos/m81790775491_1.jpg?1722256914,オキソ
78,MacBook Pro 2020 13inch 液晶割れあり,"MacBook Pro 2020 13.3インチ
RAM16GB SSD512GB Corei5
シルバー

自宅で画面を閉じた状態で使用していました。
物を挟んでしまい、内部で液晶割れを起こしているようですが、外部モニターに接続すれば問題なく利用できます。
新しいPCを購入したので出品します。


名称:
   MacBook Pro (13-inch, 2020)
　Thunderbolt 3ポートx 2
カラー:
　シルバー
プロセッサ:
   1.4GHz クアッドコアIntel Core i5
メモリ:
   16GB
ストレージ:
   512GB
充電量情報:
   完全充電時の容量（mAh）: 4214（5/2時点）
状態情報:
   充放電回数: 397（5/2時点）
   状態: 正常
   電源投入自己テスト: 合格

付属品は以下の通りです。
・純正充電器(61W)
・純正充電ケーブル(type-c)
・購入時の箱

傷や汚れ箇所は以下の通りです。
・画面:液晶割れ
・キーボード:テカリがある
・側面:傷がある

その他の備考は以下の通りです。
・修理歴はありません。
・喫煙環境での使用はありません。
・購入時から画面保護シール(カメラ除く)を
　つけて使用しております。
・ハードカバーを装着した屋内利用のみのため
　大きな外傷が無い美品です。
・出品時まで使用しておりましたが、
　ハードウェアの動作不良や不調は感じませんでした。

注意点は以下の通りです。
・AppleCareは期限が切れています。
・充電器、コードは経年汚れがあります。
・神経質な方や僅かでも気にされる方は購入をお控えください。

配送については以下の通りです。
・購入時の箱と段ボールに梱包して丁寧に発送します。
・初期化してお渡しいたします。
・画面保護シートはつけたままお送りします。
・アルコール除菌をしてお送りします。




Mac製品時期···Early(前期)
CPU種類···1.4 GHz クアッドコア intel Corei5 
OS···Mac OS
メモリ···16GB
SSD容量···512GB
シリーズ···Macbook Pro
仕上げ···シルバー
Pro/モデル名···2020
ディスプレイサイズ···13インチ","46,450",https://jp.mercari.com/item/m14691528419,https://static.mercdn.net/item/detail/orig/photos/m14691528419_1.jpg?1719311436,たかはし
79,MacBook Pro 13inch 2020,"シリーズ···Macbook Pro

ディスプレイサイズ···13インチ

Pro/モデル名···2020

SSD···256GB

メモリ···8GB

買い替えのため出品します。
主に動画編集用に使用していたため、使用頻度はあまり高くありませんでした。そのため、比較的キレイな方かと思います。
スクリーンやクラックパッド部分には保護フィルターを付けていたので、画面なども傷一つありません。（ご希望であれば、剥がして郵送します）
動作も全く問題ありません。
付属品や箱も全てあります。

ご質問などあれば、コメントください。","65,000",https://jp.mercari.com/item/m24312175199,https://static.mercdn.net/item/detail/orig/photos/m24312175199_1.jpg?1717307785,かとち
80,macbook pro 13インチ　2020,"macbook pro


早い者勝ちでコメントなしで即購入でOKです


たまに使う程度で使用していました。
あまり使わないのでお譲りします

動作問題なくサクサク動きます。


シリーズ···Macbook Pro

ディスプレイサイズ···13インチ

Pro/モデル名···2020

仕上げ···シルバー","65,000",https://jp.mercari.com/item/m14206383279,https://static.mercdn.net/item/detail/orig/photos/m14206383279_1.jpg?1719469833,HAPPY
81,902)MacBook Pro 13インチ 2020 i5-16GB-512GB,"2020年大容量モデル! 902) Apple MacBook Pro 13インチ 2020 Core i5 2.0GHz/RAM16GB/SSD512GB(140902)

ご覧いただきありがとうございます。
丁寧な対応を心掛けますので、どうぞ宜しくお願い致します。

多少の擦れ・小傷がございます品です。
キーボードは一部にテカリがございます。

初期化済みでOSは最新版のMac OS 14 Sonomaです。
アクティベーションロック解除確認済みです。
動作は快調で、現状特に気になる点はございません。正常に使用できます。
動作確認のため下記の情報で初期化後に一度セットアップしております。

ユーザー名：USER
パスワード：1234

出品物は本体と純正ACアダプター充電器、ケーブルです。

バッテリーは「正常」で充放電回数 658回、完全充電時の容量は4243mAhです。

＊バッテリーは出品掲載時の情報となります。出荷までにステータスや回数が変更となる可能性がございます。消耗部品につき保証対象外とさせていただいております。
＊液晶表示につきましては経年劣化による若干の色ムラ・照度ムラがある場合がございます。

商品到着後3日間を初期不良期間として対応させて頂きます。
底面に一箇所セキュリティシールを貼っております。剥がした場合は保証対応出来ませんので、動作確認が済むまで剥がさないようにご注意ください。

【商品スペック】
■メーカー：Apple
■商品名：MacBook Pro
■モニター：Retina 13.3 インチ （2560x1600）
■OS：Mac OS 14  Sonoma
■CPU：Core i5 2.0GHz 
■SSD：フラッシュストレージ 512GB
■メモリ：16GB
■グラフィック：Intel Iris Plus Graphics
■キーボード ： 日本語（JIS）配列 （バックライト付き）
■カラー：シルバー

＊ご希望があれば下記のOfficeソフトをインストールして出荷させて頂きます。
LibreOffice（リブレオフィス）

Microsoft Office と互換性のあるオフィスソフトです。
Word/Excel/Powerpoint/Accessファイルを互換使用可能です。","61,800",https://jp.mercari.com/item/m58700447364,https://static.mercdn.net/item/detail/orig/photos/m58700447364_1.jpg?1722661857,mainn_1234
82,macbook pro 2020 13インチ　i7/16gb/512gb,"非常にキレイな美品かと思います。
この値段値下げは考えておりませんので、ご了承下さい。
その他ご質問等ございましたら遠慮なくお申し付け下さい

中古品となります。最後までお読みの上ご購入をお願いいたします。


■スペック

　macbook pro 2020年式　13インチ　スペースグレー

ディスプレイ
　Retinaディスプレイ
　IPSテクノロジー搭載13.3インチ（対角）LEDバックライト　　　　
　ディスプレイ、2,560 x 1,600ピクセル標準解像度

プロセッサ
　Intel Core i7

ストレージ
　512gb SSD

メモリ
　16GB

充電と拡張性
　4つのThunderbolt 3（USB-C）ポート

■充電回数
　167回（正常）発送迄に少し変動する可能性あり

■付属品
　純正充電器



キーボード、ディスプレイ、wifi接続、スピーカー、アクティベーションと基本的な動作確認を行い発送させて頂きます。
もし万が一不具合がございましたら、必ず受け取りをされる前にご連絡をお願いいたします。
バッテリーに関しましては、消耗品となりますので、保証は出来かねるところがございます。
発送は土曜日になりますので、予めご了承ください。


MacBook Pro 
2016 2017 2018 2019 2020
13 15 inch
256

シリーズ···Macbook Pro
ディスプレイサイズ···13インチ
Pro/モデル名···2020
仕上げ···スペースグレイ","76,000",https://jp.mercari.com/item/m12924138836,https://static.mercdn.net/item/detail/orig/photos/m12924138836_1.jpg?1721226113,金　欠男
83,MacBook Pro 2020 13インチ/16GB/512GB/i5,"シリーズ···Macbook Pro

ディスプレイサイズ···13インチ

Pro/モデル名···2020

仕上げ···シルバー

メモリ…16GB

SSD…512GB

CPU…Intel core i5 (10世代)

出品物　下記全て
MacBookPro本体
充電器/ケーブル
外箱
新品保護フィルム


2020年10月19日にAmazonにて20万で新品購入。
下記購入した商品ページです。
https://www.amazon.co.jp/gp/product/B08837S8QQ
2020〜2022年辺りまで本格的にプログラミング関連で使用。
購入直後に保護フィルムを画面、タッチバー、タッチパッドに貼っていました。
目立つ傷としては画面上部のフレーム部分にあります。(画像3枚目)
外箱は押入れに放置していた為劣化しています。
充電器ケーブル関連もそれなりに使用感あります。

キーボードやタッチパッド、タッチバーは使わずに外部ディスプレイ、Magic Keyboard、Magic Mouseを使用していたので改めて見ると中々美品です。



※
動作についてですが、
最近触っていなかった為初期化はできましたが、
万が一、動作不良を起こした場合基本的に返品対応しますので受取評価は動作確認を良くとってから行って下さい。
受取評価すると返品できないみたいですので、
受取評価後の返品申込はお控え下さい。
返品時の送料はご負担下さい。
意図的に壊したり、別のジャンク品にすり替え、此方に落ち度が無い理由での返品は対応はしません。","59,800",https://jp.mercari.com/item/m35009844073,https://static.mercdn.net/item/detail/orig/photos/m35009844073_1.jpg?1718552510,XIN
84,"Apple Macbook Pro 13インチ, 2020 (Intel)","Apple MacBook Pro (13-inch, 2020, Thunderbolt 3ポートx4)

動作確認済みです。
初期化してOS再インストール後の初期状態で出品します。

【状態】
右側のスピーカーの穴に汚れが詰まっています。
傷は角が一部欠けている程度です。（ズームアップした写真参考）

【仕様詳細】
ディスプレイサイズ: 13インチ
プロセッサ: 2.3GHz クアッドコア Intel Core i7
メモリ: 16GB 3733MHz LPDDR4X
ストレージ:1TB SSD

【バッテリー情報】
完全充電時の充電容量(mAh): 4274
充放電回数: 436
状態: 正常
アンペア数(mA): -984
電圧数(mV): 11972","66,000",https://jp.mercari.com/item/m57082483141,https://static.mercdn.net/item/detail/orig/photos/m57082483141_1.jpg?1718468545,めたい
85,592) WinもMacBook Pro 13インチ2020/i7/16/512,"（592)Windowsもインストール Apple MacBook Pro 13インチ 2020 Core i7 2.3GHz/RAM16GB/SSD512GB 充放電回数45回 

ご覧いただきありがとうございます。
丁寧な対応を心掛けますので、どうぞ宜しくお願い致します。

Bootcampに最適！

BootcampでWindows10Proをインストール（認証済み）します。
出荷前に設定するので自由にSSDを振り分けられます。

初期化済みでOSは最新版のMac OS 14.3 Sonomaです。
アクティベーションロック解除確認済みです。
動作は快調で、現状特に気になる点はございません。正常に使用できます。
動作確認のため下記の情報で初期化後に一度セットアップしております。
到着後、電源を入れればすぐにお使いいただける状態です。

バッテリーは「正常」で充放電回数 45回、
バッテリーは消耗部品につき保証対象外ですが現状の状態は問題無くバッテリー駆動が可能です。


出品物は本体のみ。


【商品説明】 

多少の擦れ・小傷があります。
OSは出荷時に最新のOSをインストールして発送します。 
基本的には中古品ですので、品質について神経質な方はご購入をお控え頂きますようお願い致します。 
確認等はインストールからOSの起動、SSDのチェック、BluetoothとWi-fiネット接続とソフトのインストール、
他社製Bluetoothキーボードとマウスの動作や表示のチェック、キーボードチェック、
USBポートのチェックのみとなり、問題なく行いました。


その他は確認できていない部分もあります。 
全ての確認は出来ていない状態なのでご理解願います。


【商品スペック】
■メーカー：Apple
■商品名：MacBook Pro
■モニター：Retina 13.3 インチ （2560x1600）
■OS：Mac OS 14.3 Sonoma
■CPU：Core i7 2.3GHz 
■SSD：フラッシュストレージ 512GB
■メモリ：16GB
■グラフィック：Intel Iris Plus Graphics
■キーボード ： 日本語配列 （バックライト付き）



注意:購入前に必ずプロフィールをご覧ください。 注意事項が記載しています。","72,680",https://jp.mercari.com/item/m29833273686,https://static.mercdn.net/item/detail/orig/photos/m29833273686_1.jpg?1721358682,tomo11111
86,MacBook Pro13インチ 2020年 16GB 1TB Core i7,"シリーズ...Macbook Pro
サイズ...13インチ
CPU...Intel Core i7
メモリ...16GB
HDD...1TB


定価およそ30万円


買い替えのため出品します。

元々DTMや動画編集で使用していて動作は全く問題ありません。
仕事としてDTMやYouTubeを行っていたため、今後そういった作業をされる方でも全く問題なく使用できると思います。

起動、シャットダウン共にスムーズ、スピーディーです。

箱、充電アダプター、充電ケーブル(Type-C)付きです。

「目立った傷なし」とさせていただいておりますが、これは本体のことで、アダプターには傷が少々ありますが動作は問題ありません。","79,500",https://jp.mercari.com/item/m23990819181,https://static.mercdn.net/item/detail/orig/photos/m23990819181_1.jpg?1710162940,ChihiRo
87,MacBook Pro 2020 13インチ 16GB 1TB USキーボード,"MacBook Pro  2020 13-inch  16GB 1TB USキーボード

■スペースグレイ
■13インチ
■2.GHz Intel i5
■SSD 1TB
■メモリ 16GB
■キーボード USキーボード（日本語入力できます）
■充放電回数 65回
■付属品 純正アダプタ、純正ケーブル、化粧箱
■動作確認済み、アクティベーションロック解除済み、初期化済みです

付属品は写真のものですべてです。
キーボードにてかりのあるキーがあります。中古品にご理解いただける方よろしくお願いいたします。
24時間以内の発送を心掛けています。
梱包は慣れておりますので、ご安心ください。

MacBook Air Intel、M1、M2なども出品しています。
Apple
MacBookAir
MacBook Pro
SUマック
マックブックプロ","96,000",https://jp.mercari.com/item/m91522700274,https://static.mercdn.net/item/detail/orig/photos/m91522700274_1.jpg?1727843148,たまりんご
88,MacBook Pro 2020 intel i7 32GB 1TB 13インチ,"Macbook pro 2020 intel i7 1TB 32GB 13インチ

即購入OKです！


2020製MacBookPro Intel corei7
キーボードはUS配列、
32GB、1TBで大容量です。
買い替えのため出品致します。
当時公式サイトで新品を購入しました。
画面やキーボードも綺麗かと思います。


※初期化して送るので、
届きましたらご自身で初期設定と、
OSsonomaへアップデートをして下さい。


【商品状態】
・動作正常、確認済み
・ディスプレイ欠けなし
・バッテリー充放電回数：406回
　状態：正常
・パソコン横に小さな欠けあり
・リンゴ上辺りよく見ないと分からない程度のスレ
　（画像8枚目）
※写真でも状態確認お願い致します。



【キーボード】
US配列

【ストレージ】
メモリ32GB
SSD: 1TB

【カラー】
スペードグレイ

【付属品】
本体のみ
（充電器は付属しません）


【購入時の注意事項】
・あくまで中古品ですので、
　そちらをご了承の上ご購入お願い致します。
・写真に映らない程度の
　小さなスレはあるかもしれません。

・プチプチに包んで袋に入れた後、
　ダンボールに入れて、
　丁寧に梱包して1~２日以内に発送致します。


※こちらフォロー割は適用外です。
宜しくお願い致します。","96,000",https://jp.mercari.com/item/m53103111886,https://static.mercdn.net/item/detail/orig/photos/m53103111886_1.jpg?1719908650,YG✿即購入OK
89,MacBook Pro 2020 512GB 16GB 13インチ スペースグレ,"微細なキズのみで目立ったキズやよごれなく比較的美品です。
中古品にご理解いただける方よろしくお願いいたします。
24時間以内の発送を心掛けています。
梱包は慣れておりますので、ご安心ください。 

MacBook Pro  2020 13-inch 512GB 16GB

■スペースグレイ
■13インチ
■2.0GHz Intel i5
■SSD 512GB
■メモリ 16GB
■キーボードJISキーボード
■付属品 純正充電器、純正ケーブル
■動作確認済み、アクティベーションロック解除、初期しての出荷です。

付属品は写真のものですべてです。

Pro/モデル名···2020

仕上げ···スペースグレイ","75,000",https://jp.mercari.com/item/m36599341788,https://static.mercdn.net/item/detail/orig/photos/m36599341788_1.jpg?1718241914,n-win エビス
90,Macbook pro 2020 16GB 1TB,"MacBook Pro2020です。

充電回数も49回と少なく動作の問題もありません。
液晶キーボードは綺麗な状態です。
本体の傷は画像でご確認ください。

サイズ  13インチ
JISキーボード（USキーボード）
メモリ 16GB
SSD容量 1TB

充電コード紛失のため別の物を用意してます。
外箱は捨ててしまった為、包装して段ボールでお送りします。

ご質問等お気軽にコメントください。

OS...Mac OS

メモリ...16GB

シリーズ...Macbook Pro

サイズ...13インチ

ストレージ... 1TB","85,500",https://jp.mercari.com/item/m19647385888,https://static.mercdn.net/item/detail/orig/photos/m19647385888_1.jpg?1719562377,KUMA
91,MacBook Pro 2020 M1 13インチ,"充電器無しです！

主観ですが、あんまり傷は無いと思います。
買ってすぐに、キーボードのガードと、外側のガードをしてました。

当方、パソコンは詳しくないので、仕様があまりわからないので写真を参照して下さいm(__)m
初期化に手間取るので、初期化次第発送します！

評価が低い方、中古品とご理解できない方は
こちらがキャンセルさせてもらいます。
3Nでお願い致します。

詳しい人間に頼んで動作確認後に発送しようと思います。
よろしくお願い致します^_^

なんせ、くわしく分からないんで、写真をよく見てからお願いしまーす！","65,000",https://jp.mercari.com/item/m48530772330,https://static.mercdn.net/item/detail/orig/photos/m48530772330_1.jpg?1718329210,zuki
92,macbook pro13 2020 超美品　充放電57回,"シリーズ···Macbook Pro

ディスプレイサイズ···13インチ

Pro/モデル名···2020

充電器無。
返品不可でお願いします。
お値下げ可能。","68,000",https://jp.mercari.com/item/m32535527757,https://static.mercdn.net/item/detail/orig/photos/m32535527757_1.jpg?1718606201,ラビット
93,"MacBook Pro 13インチ, 2020, 32GB, intel i7","MacBook Pro (Retinaディスプレイ, 13-inch, 2020, Two Thunderbolt 3 ports) スペースグレイ MXK32J/A

#Apple

6月2020年に購入。傷は色変わっているところなどがございます。中古品となりますので、諸々ご理解いただければと思います。


画面サイズ···13 インチ

CPU種類···Core i7

OS···Mac OS

メモリ···32GB

SSD容量···512GB


充放電回数 ···463
充電状態 ···正常","65,000",https://jp.mercari.com/item/m79627293737,https://static.mercdn.net/item/detail/orig/photos/m79627293737_1.jpg?1700209238,novideotape
94,"MacBook Pro 13-inch, 2020，Intel，USキーボード","中古品、USキーボードです。
新品で購入しましたが、ほとんど使ってません。
目立った傷汚れありません。
動作正常です。

充放電回数 12回
状態：正常

付属品、箱ありません。

MacBook Pro  13-inch, 2020, Four Thunderbolt 3 ports  
ブロセッサ 2GHzクアッドコアIntel  Core i5  グラフィックス Intel lris Plus Graphics 1536  MB  メモリ 16 GB 3733 MHz  LPDDR4X  
SSD 512GB

即決歓迎です。他の方が交渉中であっても即決していただいて構いません。あくまで中古品ですので、神経質な方はご遠慮下さい。

シリーズ...Macbook Pro

ディスプレイサイズ...13インチ

Pro/モデル名...2020

Pro/モデル名...Mid 2019

仕上げ...スペースグレイ","74,000",https://jp.mercari.com/item/m50796572249,https://static.mercdn.net/item/detail/orig/photos/m50796572249_1.jpg?1717098067,シュート
95,MacBook Pro 2020 13インチ　8GB【充電コード付】,"外部ディスプレイ、修理推奨

ディスプレイ接触故障？
奥側の充電口接触不良

があります。


ディスプレイは画像でもわかる通り
ライトを照らさないと使えないレベル。
逆に何かで照らすと普段通り操作できます。

矢印がどこにいるかわからなくなるのが
ストレスなので出品いたしました。

充電口は1度検査してもらった際は
異常なしでした。
ただついたりつかなかったりします。
基本手前側しか使っておりませんでした。

ご自身で修理できる方
外部ディスプレイを使いの方はおすすめです。
カスタマーサポートにお電話したところ
ディスプレイのなにかが接触不良なのではないかと
修理を勧められました。

機械関係にあまり詳しくないので
神経質な方はご遠慮お願いします。
また何かご質問などあればよろしくお願いします。


シリーズ···Macbook Pro

サイズ···13インチ

Mac OS…sonoma14.5

CPU···M1

メモリ···8GB

ストレージ…245GB

その他特徴···ジャンク

CPU···M1","55,000",https://jp.mercari.com/item/m33719030939,https://static.mercdn.net/item/detail/orig/photos/m33719030939_1.jpg?1716300036,ミッキーランナー
96,MacBookPro 2020 13inch 美品,"MacBook Pro (13-inch, 2020, Thunderbolt 3ポートx 4）シルバー

2020年5月にAmazonで新品購入いたしました。
あまり使用していなかったので美品だと思います。
特に目立った傷や汚れはございませんが
中古品と考慮の上ご検討お願いいたします。

512GBSSD 16GBメモリ
2.0Ghz クアッドコアIntel Core i5
Thunderbolt3ポート×4
Touch Bar
バッテリー 正常
充放電回数 55
（初期化のため数回増えるかもしれません）
動作確認しましたが正常に動いております。

付属品はACアダプター、USB-Cケーブル、箱、説明書です。（同梱されていたもの全て）
初期化、OSの再インストールを行い工場出荷状態にて発送させていただきます。

シリーズ···Macbook Pro
サイズ···13インチ
CPU···Intel Core i5
メモリ···16GB
ストレージ種類···SSD
ストレージ容量···512GB","76,000",https://jp.mercari.com/item/m28561249126,https://static.mercdn.net/item/detail/orig/photos/m28561249126_1.jpg?1716104717,atari
97,Macbook Pro 2020 13インチ 16GB 256GB 付属品未使用,"大幅値下げしました！

Macbook pro 2020 13インチ Core i5 US配列

付属品未使用です。Anker PowerExpand もおまけでつけます。

■内容 
1_本体 (13インチ, メモリ16GB, SSD 256GB, Core i5, US配列キーボード)
2_充電ケーブル (未使用)
3_充電器  (未使用)
4_説明書類
5_箱
6_おまけ Anker PowerExpand+ 7-in-1 (中古完動品。新品6500円程度)

■使用履歴
2020年 Appleでの購入品です。新たにPCを購入したためお譲りします。主に仕事以外で使用していました

■状態
- 動作、外見は良好です。詳細な状態は出品画像でご確認ください
- 充放電回数やその他詳細は画像を確認ください
- アクセサリは未使用です
- 背面にスタンドを付けていたので少し焼けがあります

■ちょっとコメント
メモリを16GBに増強しているので、ブラウジングしながら複数のアプリも動かせます。次の方にもぜひ楽しんでいただけたらなと思います。

■仕様
...Intel Core i5プロセッサ（Turbo Boost使用時最大3.9GHz）
...Intel Iris Plus Graphics 645
...16GB 2,133MHz LPDDR3メモリ
...256GB SSDストレージ
...True Tone搭載13インチRetinaディスプレイ
...Thunderbolt 3ポート x 2
...Touch BarとTouch ID
...PRO APPS 065-C171 NONE
...SW LOGIC PRO X 065-C172 NONE
...バックライトMagic Keyboard - 英語（米国）
...アクセサリキット

■留意事項
- 初期化して OS を再インストールした状態で発送します
- バッテリーはフル充電して発送します
- あくまで中古品になります。外見等少しでも気になる点がありましたらお控えいただくと良いかと思います

シリーズ...Macbook Pro
サイズ...13インチ
CPU...Intel Core i5
メモリ...16GB
ストレージ種類...256GB","72,900",https://jp.mercari.com/item/m14595270526,https://static.mercdn.net/item/detail/orig/photos/m14595270526_1.jpg?1715037243,Ken-desu
98,557) Apple MacBook Pro 13インチ 2020 -512GB,"557) Apple MacBook Pro 13インチ 2020 Core i5 2.0GHz/RAM16GB/SSD512GB(140557)

多少の擦れ・小傷がございます品です。
キーボードは一部に多少のテカリがございます。
底面にカバー装着時に付いてしまった色褪せがございます。

初期化済みでOSは最新版のMac OS 14.5 Sonomaです。
アクティベーションロック解除確認済みです。
動作は快調で、現状特に気になる点はございません。正常に使用できます。
動作確認のため下記の情報で初期化後に一度セットアップしております。

ユーザー名：USER
パスワード：1234

出品物は本体のみです。ACアダプターは別途ご用意ください。
USB TYPE-C接続です。

バッテリーは「正常」表示で充放電回数 720回で完全充電時の容量は4179mAhです。

＊バッテリーは出品掲載時の情報となります。出荷までにステータスや回数が変更となる可能性がございます。消耗部品につき保証対象外とさせていただいております。
＊液晶表示につきましては経年劣化による若干の色ムラ・照度ムラがある場合がございます。

商品到着後3日間を初期不良期間として対応させて頂きます。
底面に一箇所セキュリティシールを貼っております。剥がした場合は保証対応出来ませんので、動作確認が済むまで剥がさないようにご注意ください。

【商品スペック】
■メーカー：Apple
■商品名：MacBook Pro
■モニター：Retina 13.3 インチ （2560x1600）
■OS：Mac OS 14.5  Sonoma
■CPU：Core i5 2.0GHz 
■SSD：フラッシュストレージ 512GB
■メモリ：16GB
■グラフィック：Intel Iris Plus Graphics
■キーボード ： 日本語（JIS）配列 （バックライト付き）
■カラー：スペースグレイ

＊ご希望があれば下記のOfficeソフトをインストールして出荷させて頂きます。
LibreOffice（リブレオフィス）

Microsoft Office と互換性のあるオフィスソフトです。
Word/Excel/Powerpoint/Accessファイルを互換使用可能です。","66,700",https://jp.mercari.com/item/m27394344293,https://static.mercdn.net/item/detail/orig/photos/m27394344293_1.jpg?1716009530,mainn_1234
99,MacBook Pro 2020 Core i7 32GB 1TB 13インチ,"2021年にApple Storeで新品購入し、Adobeを使った画像・動画編集、DTM等に使用していました。
現状最後のintel Macで、13インチモデルの中では最高スペックです。

外部ディスプレイ、外部キーボード&マウスを繋いでデスクトップ状態で使用していた為、外には一度も持ち出していません。
また、充放電回数も58回のみです。
本体のキーボードやトラックパッドも殆ど使用していない為問題なく正常機能します。

付属品も全て揃っています。

【システム構成】 
・第10世代の2.3GHzクアッドコアIntel Core i7プロセッサ（Turbo Boost使用時最大4.1GHz）
・True Tone搭載13インチRetinaディスプレイ
・Touch BarとTouch ID
・Intel Iris Plus Graphics
・32GB 3,733MHz LPDDR4Xメモリ
・1TB SSDストレージ
・Thunderbolt 3ポート x 4
・バックライトMagic Keyboard - 日本語（JIS）

【付属】
・純正充電器
・純正TYPE-C充電コード2m
・説明書やロゴシール等
・箱

【状態】
ディスプレイの下部1箇所とフレームに擦り傷のようなものがありますが、(写真参照)使用中は殆ど目立ちません。

【バッテリー情報】
充放電回数:58
状態:正常

-
以下検索用

Macbook Pro 13インチ 2020 32GB 1TB

MacBook Pro (Retinaディスプレイ, 13-inch, 2020, Four Thunderbolt 3 ports) スペースグレイ MWP42J/A

シリーズ···Macbook Pro
サイズ···13.3インチ
CPU···Intel Core i7
メモリ···32GB
ストレージ...1TB
カラー/仕上げ...スペースグレイ","89,000",https://jp.mercari.com/item/m59949816728,https://static.mercdn.net/item/detail/orig/photos/m59949816728_1.jpg?1719305265,大福
100,MacBook Pro 2020 13インチ 16GB 512GB Intel,"Apple Store で約20.7万円で新品購入した後、主に自宅内で使用していました。買い換えに伴う出品です。動作確認後、初期化済みです。

全体的にはきれいな状態ですが、外装にいくつか傷が塗装の剥がれがあるため、写真を確認してください。
・外側の天板にいくつかの傷や小さい凹みがあります。
・スピーカーグリルの塗装に剥がれがある部分があります。

本体・USB-C電源アダプタ・USB-Cケーブル・外箱が付属します。

シリーズ...MacBook Pro
世代...2020 (4 Thunderbolt ポート)
サイズ...13インチ
CPU...Intel Core i5
メモリ...16 GB
ストレージ種類...SSD 512 GB
キーボード...US 配列
バッテリー...正常 (280サイクル)
Apple Diagnostics...問題なし","73,800",https://jp.mercari.com/item/m99962907703,https://static.mercdn.net/item/detail/orig/photos/m99962907703_1.jpg?1714825601,たろう
101,MacBook Pro M1 13インチ 256GB （2020）,"MacBook Pro M1 13インチ 256GB （2020）

61w充電器付き（使用済み 汚れあり）

バッテリー
　充放電回数　151
　状態　正常
　最大容量87%

2021年に購入しました。
機種変更した為売却します。

比較的綺麗ですが、細かいキズ等ありますので、
ご了承ください。

USB-Cコードは付属しません。


シリーズ···Macbook Pro

サイズ···13インチ

CPU···M1

メモリ···8GB

256GB SSD","85,500",https://jp.mercari.com/item/m19181754221,https://static.mercdn.net/item/detail/orig/photos/m19181754221_1.jpg?1712403935,馬の王子様
102,644)Apple MacBook Pro 13インチ 2020 Core i5,"644) Apple MacBook Pro 13インチ 2020 Core i5 1.4GHz/RAM8GB/SSD256GB(140644)

多少の擦れ・小傷がございます品です。
キーボードは一部に若干のテカリがございます程度です。

初期化済みでOSは最新版のMac OS 14 Sonomaです。
アクティベーションロック解除確認済みです。
動作は快調で、現状特に気になる点はございません。正常に使用できます。
動作確認のため下記の情報で初期化後に一度セットアップしております。
到着後、電源を入れればすぐにお使いいただける状態です。

ユーザー名：USER
パスワード：1234


バッテリーは「正常」表示、充放電回数 74回、完全充電時の容量は4392Ahです。

＊バッテリー情報は撮影時の情報になります。お届けまでにステータスや回数・容量等が変更となる場合がございます。バッテリーにつきましては消耗部品につき保証対象外となりますので予めご了承願います。
＊液晶につきましては経年劣化による多少の色ムラ・照度ムラ等が有る場合がございます。

出品物は本体と純正ACアダプター充電器、汎用品のUSB-Cケーブルです。

商品到着後3日間を初期不良期間として対応させて頂きます。
底面に一箇所セキュリティシールを貼っております。剥がした場合は保証対応出来ませんので、動作確認が済むまで剥がさないようにご注意ください。

【商品スペック】
■メーカー：Apple
■商品名：MacBook Pro
■モニター：Retina 13.3 インチ （2560x1600）
■OS：Mac OS 14.5  Sonoma
■CPU：Core i5 1.4GHz 
■SSD：フラッシュストレージ 256GB
■メモリ：8GB
■グラフィック：Intel Iris Plus Graphics 645
■キーボード ： 日本語（JIS）配列 （バックライト付き）
■カラー：シルバー

＊ご希望があれば下記のOfficeソフトをインストールして出荷させて頂きます。
LibreOffice（リブレオフィス）

Microsoft Office と互換性のあるオフィスソフトです。
Word/Excel/Powerpoint/Accessファイルを互換使用可能です。","56,800",https://jp.mercari.com/item/m40033282369,https://static.mercdn.net/item/detail/orig/photos/m40033282369_1.jpg?1717731736,mainn_1234
103,MacBook Pro 13インチ (2020),"シリーズ···Macbook Pro

ディスプレイサイズ···13インチ

Pro/モデル名···2020

仕上げ···スペースグレイ

メモリ…16GB

ストレージ…1TB

プロセッサ…2GHz クアッドコアIntel Core i5

買い替えするので出品します。
画面はガラスコーティング付きで傷はありません。
ほぼ持ち歩きませんでしたが本体背面に細かく薄いすり傷があります（写真15.16青丸参照）
直近まで使用しており、マイクやカメラなども問題ありません。

一緒に使っていたハブも同梱します（写真参照）","76,500",https://jp.mercari.com/item/m10768805926,https://static.mercdn.net/item/detail/orig/photos/m10768805926_1.jpg?1723531881,あんこ
104,MacBook Pro 13インチ　2020 16GB/1TB,"MacBook Pro (13インチ, 2020, Thunderbolt 3ポート x 4)


MacBook Pro (13-inch, 2020, Four Thunderbolt 3 ports)
プロセッサ 2.3GHz クアッドコアIntel Core 17
メモリ 16 GB 3733 MHz LPDDR4X
グラフィックス Intel Iris Plus Graphics 1536 MB

ストレージ1TB

画面シール貼ってます。
ケースお付けします。
付属品充電コード、箱ございます。","84,000",https://jp.mercari.com/item/m78991691150,https://static.mercdn.net/item/detail/orig/photos/m78991691150_1.jpg?1718198042,vv
105,MacBook Pro 2020 13インチ 16GB 512GB,"取引評価→悪いが多い方
                  評価0の方
トラブルを避けたいのでご購入ご遠慮ください。

目立った傷や汚れはありませんが
通常使用によるスレ等はございます。
(お写真ご確認ください)
中古品ですので神経質な方はご購入ご遠慮ください。

シリーズ:  Macbook Pro Intel
ディスプレイサイズ:  13インチ
Pro/モデル名:  2020
色:  スペースグレイ
製品年式:  2020
CPU種類:  2.0GHzクアッドコア Intel Core i5
メモリ:  16GB
SSD容量:  512GB
充放電回数:  196 (出品時)
完全充電時の容量:  4178 (出品時)
状態:  正常
備品:  箱(凹み有り).充電器
状態:  簡易動作確認及び初期化済み


購入者様都合でのキャンセルはいかなる場合でも
対応いたしかねますのでご了承お願い致します。


    ","72,999",https://jp.mercari.com/item/m28819150713,https://static.mercdn.net/item/detail/orig/photos/m28819150713_1.jpg?1720496655,ウチワラボ/オーダー停止中
106,Apple MacBook Pro 2020 16G 512G,"MacBook Pro (13-inch, 2020, Thunderbolt 3ポート×4)
Apple Certified Refurbished
型番：A2251
Intel Iris Plus Graphics 1536MB
CPU：2GHz クアッドコア Intel Core i5
メモリ：16GB 3733MHz LPDDR4X
ストレージ：512GB
macOS：Sonoma
キーボード：日本語配列

付属品は全て揃っております。
目立った傷等はありませんが、中古であることをご理解の上ご購入のほどよろしくお願いいたします。","82,000",https://jp.mercari.com/item/m18884026564,https://static.mercdn.net/item/detail/orig/photos/m18884026564_1.jpg?1717220344,bkapemg
107,MacBook Pro 13inch 2020,"即決可

シリーズ···Macbook Pro

サイズ···13インチ

CPU···Intel Core i5



メモリ···16GB

ストレージ種類···SSD

ストレージ容量···512GB

本体のみとなります。","63,000",https://jp.mercari.com/item/m18348413944,https://static.mercdn.net/item/detail/orig/photos/m18348413944_1.jpg?1716087307,えむ
108,超美品 MacBookPro 2020 Core i7 16G SSD 512G,"超美品 MacBook Pro 2020 Core i7 16G SSD 512G

メーカー名: Apple
型番: Retina MacBookPro 2020 シルバー
CPU: 2.3GHzクアッドコア第10世代Intel Core i7（Turbo Boost使用時最大4.1GHz）
メモリ: 16GB LPDDR4X-3733MHz
ストレージ(SSD): AppleSSD 512G
グラフィックス: Intel Iris Plus Graphics 1536 MB
画面サイズ: Retina 13.3ワイド (解像度: 2560 x 1600ドット)
Wifi: Wifi内蔵
Webカメラ: カメラ内蔵
キーボード: USKEY
Touch Bar: あり
Touch ID: あり
アクティベーションロック解除済み

OSバージョン: macOS Sequoia 15 / Windows 11 Pro 64bit

Apple mac OS & Microsoft Windows 11 Proが使用出来ます。Mac＆Windowsを切り替えて使用できます。Windows 11 Pro は仮想マシンとしてMacOSの下に稼働しているために、再起動せずにWindowsをご利用いただけます。

Mac Office 2021 & Windows Office 2021
-Word
-Excel
-PowerPoint
-OutLook

FinalCutPro X 10.8
Logic Pro X 11
Compressor 4.8
Motion 5.8
MainStage3 v3.6.6
ソフトウェアは全て認証済みですので、届いてからすぐにお使い頂けます。

付属品:
Apple ACアダプター
内蔵バッテリー (充放電回数: 25 回)

中古超美品です！動作確認済みです。
液晶は傷なく、発色も綺麗な状態です。
液晶コーティング剥もありません。

キーボード、バームレストとも綺麗な状態で、文字消えがありません。
細かい傷などがある場合はご容赦下さい。
中古品というご理解がある方のみ入札をお願いいたします。","84,000",https://jp.mercari.com/item/m53882770554,https://static.mercdn.net/item/detail/orig/photos/m53882770554_1.jpg?1728378943,Koro
109,012) MacBook Pro 13インチ 2020 i7-32GB-1TB,"2020年 高速大容量!! 012) Apple MacBook Pro 13インチ 2020 Core i7 2.3GHz/RAM32GB/SSD1TB(141012)

多少の擦れ・傷・軽い打痕等がございます品です。
キーボードは一部に若干のテカリがございます程度です。
初期化済みでOSは最新版のMac OS 14.5 Sonomaです。
アクティベーションロック解除確認済みです。
動作は快調で、現状特に気になる点はございません。正常に使用できます。
動作確認のため下記の情報で初期化後に一度セットアップしております。
到着後、電源を入れればすぐにお使いいただける状態です。

ユーザー名：USER
パスワード：1234

出品物は本体と純正61ｗACアダプター、ケーブルです。

バッテリーは「正常」表示、充放電回数 290回、完全充電時の容量 4426mAhです。

＊バッテリーは出品掲載時の情報となります。出荷までにステータスや回数が変更となる可能性がございます。消耗部品につき保証対象外とさせていただいております。
＊液晶表示につきましては経年劣化による若干の色ムラ・照度ムラがある場合がございます。

商品到着後3日間を初期不良期間として対応させて頂きます。
底面に一箇所セキュリティシールを貼っております。剥がした場合は保証対応出来ませんので、動作確認が済むまで剥がさないようにご注意ください。


【商品スペック】
■メーカー：Apple
■商品名：MacBook Pro
■モニター：Retina 13.3 インチ （2560x1600）
■OS：Mac OS 14.5 Sonoma
■CPU：Core i7-2.3GHz
■SSD：フラッシュストレージ 1TB
■メモリ：32GB
■グラフィック：Intel Iris Plus Graphics
■キーボード ： 日本語（JIS）配列 （バックライト付き）

＊ご希望があれば下記のOfficeソフトをインストールして出荷させて頂きます。
LibreOffice（リブレオフィス）

Microsoft Office と互換性のあるオフィスソフトです。
Word/Excel/Powerpoint/Accessファイルを互換使用可能です。","76,000",https://jp.mercari.com/item/m77926379612,https://static.mercdn.net/item/detail/orig/photos/m77926379612_1.jpg?1724383586,mainn_1234
110,MacBook Pro 2020 13インチ　16gb 512ssd,"仕上げ···スペースグレイ

Macbook Pro 2020 13インチです。
・CPU ： Intel Core i5
・メモリ ：16 GB 3733 MHz 
グラフィックス：Intel Iris Plus Graphics G7 1536 MB
・ストレージ ： 512GBのPCleベース SSD
・ディスプレイ：2560x1600

Thunderbolt 3ポート×４

Touch Bar と Touch ID

バッテリー: 66回 正常

ソフトウェアされているものは全て正常に使えます","65,000",https://jp.mercari.com/item/m91835453819,https://static.mercdn.net/item/detail/orig/photos/m91835453819_1.jpg?1719992352,能登谷
111,MacBook Pro (13inch，2020),"３年ほど前に購入し、数回程度使用しましたが、
不要の為、出品致します。

動作に問題はありません。

MacBook Pro (Retinaディスプレイ, 13-inch, 2020, Two Thunderbolt 3 ports) スペースグレイ MXK52J/A

#Apple


ディスプレイ インチ···13

ストレージ種類···SSD

メモリ···8GB

OS···Mac OS

ストレージ種類···HDD

ストレージ種類···SSD","73,000",https://jp.mercari.com/item/m55592565642,https://static.mercdn.net/item/detail/orig/photos/m55592565642_1.jpg?1707701608,オッキー
112,"◆ジャンク品・本体のみ◆Apple MacBook Pro (13インチ, 2020, Thunderbolt 3ポート x 4)【i5・16GB・512GB】★キー外れ A2251 EMC3348/LT-JUNK-240726（158332）","★★★ACアダプタ（充電器）なしの商品です！！！！★★★

★★★★★★★★★★★★★★★★★★★

ジャンク品としての出品です。

記載以外にも不具合がある可能性がございます。
ジャンク品のため、商品詳細の個別問合せについてはご返答いたしかねます。

ご理解いただける方のみご購入ください。

★★★★★★★★★★★★★★★★★★★

ローカルにてユーザーアカウント[ user ] を作成済みです。
ログインパスワード：1111

★★★★★★★★★★★★★★★★★★★

★キー外れあり
★パームレスト部色褪せ
★画面キズ（キーボード痕含む）あり
★中古品のため、キズ・汚れあり
のため、ジャンク品として出品いたします。

あくまでジャンク品でございますため、
【起動しない可能性がある】ことを含め、ご検討ください。
部品どりなどにどうぞ！

写真および説明文で状態をご確認の上、
ジャンク品であることをご理解いただける方のみご検討ください。
※写真に写しきれていないキズや汚れもございます。ご了承ください。

【 値下げ不可　値下げ交渉のご連絡はご返信いたしかねます】

■モデル
MacBookPro16,2
A2251
EMC 3348

■商品検査
弊社内にて業務用ソフトウェアにて検査済み

■商品仕様
商品詳細につきましては画像にてご確認ください。
なお、バッテリーにつきましては撮影時の情報となり、
到着時には多少低下している場合がございます。

技術仕様ページ/Technical Specifications
https://support.apple.com/kb/SP819?locale=ja_JP

※キーボードについて
英字キーボード/日本語キーボードのいずれかについては
必ず画像にてご確認ください。

■同梱物
なし

■状態
ジャンク品（記載のない不具合が生じる可能性あり/キズ・汚れあり）

■注意点
・商品詳細に関しましては公式ＨＰよりご覧ください。
・中古品とご理解いただける方のみご購入ください。
・お値引き等は受け付けておりません。
・起動確認しておりますが、お客様の環境での動作保証は出来かねます。
・複数商品をご注文時、同梱不可の場合はご注文後すぐに取引メッセージにてご連絡ください。
　ご連絡が当店で確認できない場合は、複数商品を同梱にて発送する場合がございます。
・返品特約につきましては、随時更新しておりますので
　必ず随時 ご購入前にご確認ください。
・多店舗販売を行っておりますため、ご注文のタイミングによりましては
　在庫不足のため、キャンセルとさせていただく場合がございます。
　予めご了承ください。

■発送
・佐川急便 宅配便　による発送になります。（追跡番号有り）

■対応可能時間
平日のみ
10:00 ? 16:30
上記日時以外は発送やご連絡の対応は出来かねますのでご了承ください。
（土日祝は対応不可）

ノートパソコン　ノートPC　Laptop　ラップトップ　Macbook　マックブック","51,800",https://jp.mercari.com/shops/product/DXaifKkJAmdyHstUFktAaZ,https://assets.mercari-shops-static.com/-/large/plain/zTJ6r6hRdekMmuobYXEmMK.jpg@jpg,プロフ必読★refurcom/リファコム
113,934) MacBook Pro 13インチ 2020 i7-32GB-1TB,"2020年 高速大容量!! 934) Apple MacBook Pro 13インチ 2020 Core i7 2.3GHz/RAM32GB/SSD1TB(140934)

ご覧いただきありがとうございます。
丁寧な対応を心掛けますので、どうぞ宜しくお願い致します。

多少の擦れ・小傷がございます品です。
キーボードは一部に若干のテカリがございます程度です。
液晶面表面に一か所点状の小さな傷があります。
初期化済みでOSは最新版のMac OS 14.5 Sonomaです。
アクティベーションロック解除確認済みです。
動作は快調で、現状特に気になる点はございません。正常に使用できます。

出品物は本体と純正61ｗACアダプター、ケーブルです。

バッテリーは「正常」表示、充放電回数 185回、完全充電時の容量 4385mAhです。

＊バッテリーは出品掲載時の情報となります。出荷までにステータスや回数が変更となる可能性がございます。消耗部品につき保証対象外とさせていただいております。
＊液晶表示につきましては経年劣化による若干の色ムラ・照度ムラがある場合がございます。

商品到着後3日間を初期不良期間として対応させて頂きます。

【商品スペック】
■メーカー：Apple
■商品名：MacBook Pro
■モニター：Retina 13.3 インチ （2560x1600）
■OS：Mac OS 14.5 Sonoma
■CPU：Core i7-2.3GHz
■SSD：フラッシュストレージ 1TB
■メモリ：32GB
■グラフィック：Intel Iris Plus Graphics
■キーボード ： 英語（US）配列 （バックライト付き）
■カラー：スペースグレイ","77,800",https://jp.mercari.com/item/m86405128706,https://static.mercdn.net/item/detail/orig/photos/m86405128706_1.jpg?1723011649,mainn_1234
114,Macbook Pro 2020 13インチ A2251 32GB 1TB,"ご覧いただきありがとうございます。

---
☆2020年Intel上位CTOモデル、USB-C：4口、USキー配列です。
　(M1モデルではありません。)
★外観・画面：目立つキズはなく、全体的にきれいです。
★バッテリー：充電80回程度
★動作：全機能動作確認済です。

▶モデル　(メーカ/型名/モデル番号/部品番号/色/キー配列)
Apple / MacBook Pro (13-inch, 2020, Four Thunderbolt 3 ports) CTO / A2251 /  / シルバー / US
(発売日：2020/5/4)

▶概略仕様
CPU：Core i7 2.3GHz (第10世代4コア)　(CTO)
メモリ：32GB　(CTO)
SSD：1TB

▶商品状態
□外観：※以下はあくまでも主観です。詳細は写真にてご確認ください。
・外装カバー：
　・トップ(天板)：リンゴに若干の小傷
　・ボトム(底板)：目立つキズなし
・キーボード：少しテカリあり
・トラックパッド：テカリなし
・液晶画面：1箇所あまり目立たないキズ・痕なし・剥げなし
□バッテリー：充放電回数80回
□動作：全機能・画面正常　(独自検査にて確認済)
□Apple保証：対象外(AppleCare＋未加入)

▶付属品…写真の通り、箱なし
・61W USB-C電源アダプタ
・USB-C充電ケーブル(2m)　※細かいキズあり

▶初期状態
・SSD初期化、OSインストール済
※OS：macOS Sonoma
→初期設定から開始してください。

※英語キーボード

★梱包★
配送時は、新品の段ボールにパソコンをプチプチで丁寧に包装し、エアー緩衝材でパソコンを上下から優しく包み込み厳重に梱包して発送いたします

神経質な方はお断りしています","80,000",https://jp.mercari.com/item/m35956905204,https://static.mercdn.net/item/detail/orig/photos/m35956905204_1.jpg?1728956160,ぷぷぷ
115,MacBook pro 13inch 2020 8GB/512GB,"MacBook pro 13inch 2020

シリーズ···Macbook Pro
サイズ···13インチ
CPU···Intel Core i5
メモリ···16GB
ストレージ種類···SSD
ストレージ容量···512GB

◻︎付属品
純正充電器

・2020年5月頃に購入し、大学のレポート作成等で使用していました。
新しいPC購入のため出品しました。

・動作には問題ありません。

・新品購入時の箱はありません。

※傷汚れは少ないですが、あくまで中古品ということをご理解の上、ご購入をお願いいたします。","65,000",https://jp.mercari.com/item/m61003494904,https://static.mercdn.net/item/detail/orig/photos/m61003494904_1.jpg?1715693482,しぶ
116,MacBook Pro 2020 13inch i5 16+512GB US配列,"※購入前にコメントおねがいいたします

2020年に購入し、4年間使用したが、新しいmacbookを購入したため出品します。

US配列でTouchbar付きのモデルですので予めご了承ください。

機能は全て正常だと思います。スクリーン周りとケーブル両端のゴムが少し老化したこと以外に傷はありません。

付属品は写真に載せたものが全部です。箱と一緒に発送いたします。

シリーズ...Macbook Pro

ディスプレイサイズ...13インチ

Pro/モデル名...2020

仕上げ...スペースグレイ","70,000",https://jp.mercari.com/item/m72219055233,https://static.mercdn.net/item/detail/orig/photos/m72219055233_1.jpg?1725000702,Bill Stark
117,MacBook Pro 2020(intelモデル),"高校2年間使い、その後買い替えたまま自宅保管していたものです。

本体、電源アダプタ共に動作検証済みです。

何かご不明な点があれば、お気軽にお問い合わせください。


【スペース詳細】
シリーズ···Macbook Pro

サイズ···13インチ

CPU···Intel Core i7

メモリ···16GB

ストレージ種類···SSD

ストレージ容量···512GB","78,000",https://jp.mercari.com/item/m65941416278,https://static.mercdn.net/item/detail/orig/photos/m65941416278_1.jpg?1716633986,Haku
118,Macbook Pro 2020 13インチ Intel Core i7,"2020年に購入し使用していました。初期化など行うため充放電回数など画像と多少合わないところが出てくる可能性があります。使用には一切問題ありませんが、よく画像をご確認の上ご購入ください。

シリーズ···Macbook Pro

サイズ···13インチ

CPU···Intel Core i7

メモリ···32GB

ストレージ種類···SSD

ストレージ容量···1TB

シリーズ···Macbook Pro

サイズ···13インチ

CPU···Intel Core i7

メモリ···32GB

ストレージ種類···SSD

ストレージ容量···1TB","80,000",https://jp.mercari.com/item/m91928223166,https://static.mercdn.net/item/detail/orig/photos/m91928223166_1.jpg?1716124308,ㅤ
